
qsort_normal.elf:     file format elf64-littleriscv


Disassembly of section .text.init:

0000000080000000 <_start>:
    80000000:	00000093          	addi	ra,zero,0
    80000004:	00000113          	addi	sp,zero,0
    80000008:	00000193          	addi	gp,zero,0
    8000000c:	00000213          	addi	tp,zero,0
    80000010:	00000293          	addi	t0,zero,0
    80000014:	00000313          	addi	t1,zero,0
    80000018:	00000393          	addi	t2,zero,0
    8000001c:	00000413          	addi	s0,zero,0
    80000020:	00000493          	addi	s1,zero,0
    80000024:	00000513          	addi	a0,zero,0
    80000028:	00000593          	addi	a1,zero,0
    8000002c:	00000613          	addi	a2,zero,0
    80000030:	00000693          	addi	a3,zero,0
    80000034:	00000713          	addi	a4,zero,0
    80000038:	00000793          	addi	a5,zero,0
    8000003c:	00000813          	addi	a6,zero,0
    80000040:	00000893          	addi	a7,zero,0
    80000044:	00000913          	addi	s2,zero,0
    80000048:	00000993          	addi	s3,zero,0
    8000004c:	00000a13          	addi	s4,zero,0
    80000050:	00000a93          	addi	s5,zero,0
    80000054:	00000b13          	addi	s6,zero,0
    80000058:	00000b93          	addi	s7,zero,0
    8000005c:	00000c13          	addi	s8,zero,0
    80000060:	00000c93          	addi	s9,zero,0
    80000064:	00000d13          	addi	s10,zero,0
    80000068:	00000d93          	addi	s11,zero,0
    8000006c:	00000e13          	addi	t3,zero,0
    80000070:	00000e93          	addi	t4,zero,0
    80000074:	00000f13          	addi	t5,zero,0
    80000078:	00000f93          	addi	t6,zero,0
    8000007c:	0001e2b7          	lui	t0,0x1e
    80000080:	3002a073          	csrrs	zero,mstatus,t0
    80000084:	00100293          	addi	t0,zero,1
    80000088:	01f29293          	slli	t0,t0,0x1f
    8000008c:	0002da63          	bge	t0,zero,800000a0 <_start+0xa0>
    80000090:	00100513          	addi	a0,zero,1
    80000094:	00001297          	auipc	t0,0x1
    80000098:	f6a2a623          	sw	a0,-148(t0) # 80001000 <tohost>
    8000009c:	ff5ff06f          	jal	zero,80000090 <_start+0x90>
    800000a0:	00000297          	auipc	t0,0x0
    800000a4:	09028293          	addi	t0,t0,144 # 80000130 <_start+0x130>
    800000a8:	30529073          	csrrw	zero,mtvec,t0
    800000ac:	00301073          	csrrw	zero,fcsr,zero
    800000b0:	f0000053          	fmv.w.x	ft0,zero
    800000b4:	f00000d3          	fmv.w.x	ft1,zero
    800000b8:	f0000153          	fmv.w.x	ft2,zero
    800000bc:	f00001d3          	fmv.w.x	ft3,zero
    800000c0:	f0000253          	fmv.w.x	ft4,zero
    800000c4:	f00002d3          	fmv.w.x	ft5,zero
    800000c8:	f0000353          	fmv.w.x	ft6,zero
    800000cc:	f00003d3          	fmv.w.x	ft7,zero
    800000d0:	f0000453          	fmv.w.x	fs0,zero
    800000d4:	f00004d3          	fmv.w.x	fs1,zero
    800000d8:	f0000553          	fmv.w.x	fa0,zero
    800000dc:	f00005d3          	fmv.w.x	fa1,zero
    800000e0:	f0000653          	fmv.w.x	fa2,zero
    800000e4:	f00006d3          	fmv.w.x	fa3,zero
    800000e8:	f0000753          	fmv.w.x	fa4,zero
    800000ec:	f00007d3          	fmv.w.x	fa5,zero
    800000f0:	f0000853          	fmv.w.x	fa6,zero
    800000f4:	f00008d3          	fmv.w.x	fa7,zero
    800000f8:	f0000953          	fmv.w.x	fs2,zero
    800000fc:	f00009d3          	fmv.w.x	fs3,zero
    80000100:	f0000a53          	fmv.w.x	fs4,zero
    80000104:	f0000ad3          	fmv.w.x	fs5,zero
    80000108:	f0000b53          	fmv.w.x	fs6,zero
    8000010c:	f0000bd3          	fmv.w.x	fs7,zero
    80000110:	f0000c53          	fmv.w.x	fs8,zero
    80000114:	f0000cd3          	fmv.w.x	fs9,zero
    80000118:	f0000d53          	fmv.w.x	fs10,zero
    8000011c:	f0000dd3          	fmv.w.x	fs11,zero
    80000120:	f0000e53          	fmv.w.x	ft8,zero
    80000124:	f0000ed3          	fmv.w.x	ft9,zero
    80000128:	f0000f53          	fmv.w.x	ft10,zero
    8000012c:	f0000fd3          	fmv.w.x	ft11,zero
    80000130:	00000297          	auipc	t0,0x0
    80000134:	04028293          	addi	t0,t0,64 # 80000170 <trap_entry>
    80000138:	30529073          	csrrw	zero,mtvec,t0
    8000013c:	00009197          	auipc	gp,0x9
    80000140:	a2418193          	addi	gp,gp,-1500 # 80008b60 <__global_pointer$>
    80000144:	89f18213          	addi	tp,gp,-1889 # 800083ff <_end+0x3f>
    80000148:	fc027213          	andi	tp,tp,-64
    8000014c:	f1402573          	csrrs	a0,mhartid,zero
    80000150:	00100593          	addi	a1,zero,1
    80000154:	00b57063          	bgeu	a0,a1,80000154 <_start+0x154>
    80000158:	00150113          	addi	sp,a0,1
    8000015c:	01111113          	slli	sp,sp,0x11
    80000160:	00410133          	add	sp,sp,tp
    80000164:	01151613          	slli	a2,a0,0x11
    80000168:	00c20233          	add	tp,tp,a2
    8000016c:	6f80206f          	jal	zero,80002864 <_init>

0000000080000170 <trap_entry>:
    80000170:	ef010113          	addi	sp,sp,-272
    80000174:	00113423          	sd	ra,8(sp)
    80000178:	00213823          	sd	sp,16(sp)
    8000017c:	00313c23          	sd	gp,24(sp)
    80000180:	02413023          	sd	tp,32(sp)
    80000184:	02513423          	sd	t0,40(sp)
    80000188:	02613823          	sd	t1,48(sp)
    8000018c:	02713c23          	sd	t2,56(sp)
    80000190:	04813023          	sd	s0,64(sp)
    80000194:	04913423          	sd	s1,72(sp)
    80000198:	04a13823          	sd	a0,80(sp)
    8000019c:	04b13c23          	sd	a1,88(sp)
    800001a0:	06c13023          	sd	a2,96(sp)
    800001a4:	06d13423          	sd	a3,104(sp)
    800001a8:	06e13823          	sd	a4,112(sp)
    800001ac:	06f13c23          	sd	a5,120(sp)
    800001b0:	09013023          	sd	a6,128(sp)
    800001b4:	09113423          	sd	a7,136(sp)
    800001b8:	09213823          	sd	s2,144(sp)
    800001bc:	09313c23          	sd	s3,152(sp)
    800001c0:	0b413023          	sd	s4,160(sp)
    800001c4:	0b513423          	sd	s5,168(sp)
    800001c8:	0b613823          	sd	s6,176(sp)
    800001cc:	0b713c23          	sd	s7,184(sp)
    800001d0:	0d813023          	sd	s8,192(sp)
    800001d4:	0d913423          	sd	s9,200(sp)
    800001d8:	0da13823          	sd	s10,208(sp)
    800001dc:	0db13c23          	sd	s11,216(sp)
    800001e0:	0fc13023          	sd	t3,224(sp)
    800001e4:	0fd13423          	sd	t4,232(sp)
    800001e8:	0fe13823          	sd	t5,240(sp)
    800001ec:	0ff13c23          	sd	t6,248(sp)
    800001f0:	34202573          	csrrs	a0,mcause,zero
    800001f4:	341025f3          	csrrs	a1,mepc,zero
    800001f8:	00010613          	addi	a2,sp,0
    800001fc:	4ac020ef          	jal	ra,800026a8 <handle_trap>
    80000200:	34151073          	csrrw	zero,mepc,a0
    80000204:	000022b7          	lui	t0,0x2
    80000208:	8002829b          	addiw	t0,t0,-2048 # 1800 <threadsense.2+0x177c>
    8000020c:	3002a073          	csrrs	zero,mstatus,t0
    80000210:	00813083          	ld	ra,8(sp)
    80000214:	01013103          	ld	sp,16(sp)
    80000218:	01813183          	ld	gp,24(sp)
    8000021c:	02013203          	ld	tp,32(sp)
    80000220:	02813283          	ld	t0,40(sp)
    80000224:	03013303          	ld	t1,48(sp)
    80000228:	03813383          	ld	t2,56(sp)
    8000022c:	04013403          	ld	s0,64(sp)
    80000230:	04813483          	ld	s1,72(sp)
    80000234:	05013503          	ld	a0,80(sp)
    80000238:	05813583          	ld	a1,88(sp)
    8000023c:	06013603          	ld	a2,96(sp)
    80000240:	06813683          	ld	a3,104(sp)
    80000244:	07013703          	ld	a4,112(sp)
    80000248:	07813783          	ld	a5,120(sp)
    8000024c:	08013803          	ld	a6,128(sp)
    80000250:	08813883          	ld	a7,136(sp)
    80000254:	09013903          	ld	s2,144(sp)
    80000258:	09813983          	ld	s3,152(sp)
    8000025c:	0a013a03          	ld	s4,160(sp)
    80000260:	0a813a83          	ld	s5,168(sp)
    80000264:	0b013b03          	ld	s6,176(sp)
    80000268:	0b813b83          	ld	s7,184(sp)
    8000026c:	0c013c03          	ld	s8,192(sp)
    80000270:	0c813c83          	ld	s9,200(sp)
    80000274:	0d013d03          	ld	s10,208(sp)
    80000278:	0d813d83          	ld	s11,216(sp)
    8000027c:	0e013e03          	ld	t3,224(sp)
    80000280:	0e813e83          	ld	t4,232(sp)
    80000284:	0f013f03          	ld	t5,240(sp)
    80000288:	0f813f83          	ld	t6,248(sp)
    8000028c:	11010113          	addi	sp,sp,272
    80000290:	30200073          	mret
    80000294:	fe000513          	addi	a0,zero,-32
    80000298:	0100006f          	jal	zero,800002a8 <_exit>
    8000029c:	6c5030ef          	jal	ra,80004160 <main>
    800002a0:	0080006f          	jal	zero,800002a8 <_exit>
    800002a4:	0040006f          	jal	zero,800002a8 <_exit>

00000000800002a8 <_exit>:
    800002a8:	00151513          	slli	a0,a0,0x1
    800002ac:	00150513          	addi	a0,a0,1
    800002b0:	00001f17          	auipc	t5,0x1
    800002b4:	d4af2823          	sw	a0,-688(t5) # 80001000 <tohost>
    800002b8:	00000013          	addi	zero,zero,0
    800002bc:	0000006f          	jal	zero,800002bc <_exit+0x14>

Disassembly of section .text:

0000000080002000 <verify>:
    80002000:	fb010113          	addi	sp,sp,-80
    80002004:	04813423          	sd	s0,72(sp)
    80002008:	05010413          	addi	s0,sp,80
    8000200c:	00050793          	addi	a5,a0,0
    80002010:	fcb43023          	sd	a1,-64(s0)
    80002014:	fac43c23          	sd	a2,-72(s0)
    80002018:	fcf42623          	sw	a5,-52(s0)
    8000201c:	fe042623          	sw	zero,-20(s0)
    80002020:	0c80006f          	jal	zero,800020e8 <verify+0xe8>
    80002024:	fec42783          	lw	a5,-20(s0)
    80002028:	00279793          	slli	a5,a5,0x2
    8000202c:	fc043703          	ld	a4,-64(s0)
    80002030:	00f707b3          	add	a5,a4,a5
    80002034:	0007a783          	lw	a5,0(a5)
    80002038:	fef42423          	sw	a5,-24(s0)
    8000203c:	fec42783          	lw	a5,-20(s0)
    80002040:	00178793          	addi	a5,a5,1
    80002044:	00279793          	slli	a5,a5,0x2
    80002048:	fc043703          	ld	a4,-64(s0)
    8000204c:	00f707b3          	add	a5,a4,a5
    80002050:	0007a783          	lw	a5,0(a5)
    80002054:	fef42223          	sw	a5,-28(s0)
    80002058:	fec42783          	lw	a5,-20(s0)
    8000205c:	00279793          	slli	a5,a5,0x2
    80002060:	fb843703          	ld	a4,-72(s0)
    80002064:	00f707b3          	add	a5,a4,a5
    80002068:	0007a783          	lw	a5,0(a5)
    8000206c:	fef42023          	sw	a5,-32(s0)
    80002070:	fec42783          	lw	a5,-20(s0)
    80002074:	00178793          	addi	a5,a5,1
    80002078:	00279793          	slli	a5,a5,0x2
    8000207c:	fb843703          	ld	a4,-72(s0)
    80002080:	00f707b3          	add	a5,a4,a5
    80002084:	0007a783          	lw	a5,0(a5)
    80002088:	fcf42e23          	sw	a5,-36(s0)
    8000208c:	fe842783          	lw	a5,-24(s0)
    80002090:	00078713          	addi	a4,a5,0
    80002094:	fe042783          	lw	a5,-32(s0)
    80002098:	0007071b          	addiw	a4,a4,0
    8000209c:	0007879b          	addiw	a5,a5,0
    800020a0:	00f70a63          	beq	a4,a5,800020b4 <verify+0xb4>
    800020a4:	fec42783          	lw	a5,-20(s0)
    800020a8:	0017879b          	addiw	a5,a5,1
    800020ac:	0007879b          	addiw	a5,a5,0
    800020b0:	0b80006f          	jal	zero,80002168 <verify+0x168>
    800020b4:	fe442783          	lw	a5,-28(s0)
    800020b8:	00078713          	addi	a4,a5,0
    800020bc:	fdc42783          	lw	a5,-36(s0)
    800020c0:	0007071b          	addiw	a4,a4,0
    800020c4:	0007879b          	addiw	a5,a5,0
    800020c8:	00f70a63          	beq	a4,a5,800020dc <verify+0xdc>
    800020cc:	fec42783          	lw	a5,-20(s0)
    800020d0:	0027879b          	addiw	a5,a5,2
    800020d4:	0007879b          	addiw	a5,a5,0
    800020d8:	0900006f          	jal	zero,80002168 <verify+0x168>
    800020dc:	fec42783          	lw	a5,-20(s0)
    800020e0:	0027879b          	addiw	a5,a5,2
    800020e4:	fef42623          	sw	a5,-20(s0)
    800020e8:	fcc42783          	lw	a5,-52(s0)
    800020ec:	01f7d71b          	srliw	a4,a5,0x1f
    800020f0:	00f707bb          	addw	a5,a4,a5
    800020f4:	4017d79b          	sraiw	a5,a5,0x1
    800020f8:	0007879b          	addiw	a5,a5,0
    800020fc:	0017979b          	slliw	a5,a5,0x1
    80002100:	0007871b          	addiw	a4,a5,0
    80002104:	fec42783          	lw	a5,-20(s0)
    80002108:	0007879b          	addiw	a5,a5,0
    8000210c:	f0e7cce3          	blt	a5,a4,80002024 <verify+0x24>
    80002110:	fcc42783          	lw	a5,-52(s0)
    80002114:	0017f793          	andi	a5,a5,1
    80002118:	0007879b          	addiw	a5,a5,0
    8000211c:	04078463          	beq	a5,zero,80002164 <verify+0x164>
    80002120:	fcc42783          	lw	a5,-52(s0)
    80002124:	00279793          	slli	a5,a5,0x2
    80002128:	ffc78793          	addi	a5,a5,-4
    8000212c:	fc043703          	ld	a4,-64(s0)
    80002130:	00f707b3          	add	a5,a4,a5
    80002134:	0007a783          	lw	a5,0(a5)
    80002138:	0007869b          	addiw	a3,a5,0
    8000213c:	fcc42783          	lw	a5,-52(s0)
    80002140:	00279793          	slli	a5,a5,0x2
    80002144:	ffc78793          	addi	a5,a5,-4
    80002148:	fb843703          	ld	a4,-72(s0)
    8000214c:	00f707b3          	add	a5,a4,a5
    80002150:	0007a783          	lw	a5,0(a5)
    80002154:	00068713          	addi	a4,a3,0
    80002158:	00f70663          	beq	a4,a5,80002164 <verify+0x164>
    8000215c:	fcc42783          	lw	a5,-52(s0)
    80002160:	0080006f          	jal	zero,80002168 <verify+0x168>
    80002164:	00000793          	addi	a5,zero,0
    80002168:	00078513          	addi	a0,a5,0
    8000216c:	04813403          	ld	s0,72(sp)
    80002170:	05010113          	addi	sp,sp,80
    80002174:	00008067          	jalr	zero,0(ra)

0000000080002178 <verifyDouble>:
    80002178:	fa010113          	addi	sp,sp,-96
    8000217c:	04813c23          	sd	s0,88(sp)
    80002180:	06010413          	addi	s0,sp,96
    80002184:	00050793          	addi	a5,a0,0
    80002188:	fab43823          	sd	a1,-80(s0)
    8000218c:	fac43423          	sd	a2,-88(s0)
    80002190:	faf42e23          	sw	a5,-68(s0)
    80002194:	fe042623          	sw	zero,-20(s0)
    80002198:	0dc0006f          	jal	zero,80002274 <verifyDouble+0xfc>
    8000219c:	fec42783          	lw	a5,-20(s0)
    800021a0:	00379793          	slli	a5,a5,0x3
    800021a4:	fb043703          	ld	a4,-80(s0)
    800021a8:	00f707b3          	add	a5,a4,a5
    800021ac:	0007b787          	fld	fa5,0(a5)
    800021b0:	fef43027          	fsd	fa5,-32(s0)
    800021b4:	fec42783          	lw	a5,-20(s0)
    800021b8:	00178793          	addi	a5,a5,1
    800021bc:	00379793          	slli	a5,a5,0x3
    800021c0:	fb043703          	ld	a4,-80(s0)
    800021c4:	00f707b3          	add	a5,a4,a5
    800021c8:	0007b787          	fld	fa5,0(a5)
    800021cc:	fcf43c27          	fsd	fa5,-40(s0)
    800021d0:	fec42783          	lw	a5,-20(s0)
    800021d4:	00379793          	slli	a5,a5,0x3
    800021d8:	fa843703          	ld	a4,-88(s0)
    800021dc:	00f707b3          	add	a5,a4,a5
    800021e0:	0007b787          	fld	fa5,0(a5)
    800021e4:	fcf43827          	fsd	fa5,-48(s0)
    800021e8:	fec42783          	lw	a5,-20(s0)
    800021ec:	00178793          	addi	a5,a5,1
    800021f0:	00379793          	slli	a5,a5,0x3
    800021f4:	fa843703          	ld	a4,-88(s0)
    800021f8:	00f707b3          	add	a5,a4,a5
    800021fc:	0007b787          	fld	fa5,0(a5)
    80002200:	fcf43427          	fsd	fa5,-56(s0)
    80002204:	fe043707          	fld	fa4,-32(s0)
    80002208:	fd043787          	fld	fa5,-48(s0)
    8000220c:	a2f727d3          	feq.d	a5,fa4,fa5
    80002210:	00f037b3          	sltu	a5,zero,a5
    80002214:	0ff7f793          	andi	a5,a5,255
    80002218:	fcf42223          	sw	a5,-60(s0)
    8000221c:	fd843707          	fld	fa4,-40(s0)
    80002220:	fc843787          	fld	fa5,-56(s0)
    80002224:	a2f727d3          	feq.d	a5,fa4,fa5
    80002228:	00f037b3          	sltu	a5,zero,a5
    8000222c:	0ff7f793          	andi	a5,a5,255
    80002230:	fcf42023          	sw	a5,-64(s0)
    80002234:	fc442783          	lw	a5,-60(s0)
    80002238:	00078713          	addi	a4,a5,0
    8000223c:	fc042783          	lw	a5,-64(s0)
    80002240:	00f777b3          	and	a5,a4,a5
    80002244:	0007879b          	addiw	a5,a5,0
    80002248:	02079063          	bne	a5,zero,80002268 <verifyDouble+0xf0>
    8000224c:	fec42783          	lw	a5,-20(s0)
    80002250:	0017879b          	addiw	a5,a5,1
    80002254:	0007879b          	addiw	a5,a5,0
    80002258:	fc442703          	lw	a4,-60(s0)
    8000225c:	00f707bb          	addw	a5,a4,a5
    80002260:	0007879b          	addiw	a5,a5,0
    80002264:	08c0006f          	jal	zero,800022f0 <verifyDouble+0x178>
    80002268:	fec42783          	lw	a5,-20(s0)
    8000226c:	0027879b          	addiw	a5,a5,2
    80002270:	fef42623          	sw	a5,-20(s0)
    80002274:	fbc42783          	lw	a5,-68(s0)
    80002278:	01f7d71b          	srliw	a4,a5,0x1f
    8000227c:	00f707bb          	addw	a5,a4,a5
    80002280:	4017d79b          	sraiw	a5,a5,0x1
    80002284:	0007879b          	addiw	a5,a5,0
    80002288:	0017979b          	slliw	a5,a5,0x1
    8000228c:	0007871b          	addiw	a4,a5,0
    80002290:	fec42783          	lw	a5,-20(s0)
    80002294:	0007879b          	addiw	a5,a5,0
    80002298:	f0e7c2e3          	blt	a5,a4,8000219c <verifyDouble+0x24>
    8000229c:	fbc42783          	lw	a5,-68(s0)
    800022a0:	0017f793          	andi	a5,a5,1
    800022a4:	0007879b          	addiw	a5,a5,0
    800022a8:	04078263          	beq	a5,zero,800022ec <verifyDouble+0x174>
    800022ac:	fbc42783          	lw	a5,-68(s0)
    800022b0:	00379793          	slli	a5,a5,0x3
    800022b4:	ff878793          	addi	a5,a5,-8
    800022b8:	fb043703          	ld	a4,-80(s0)
    800022bc:	00f707b3          	add	a5,a4,a5
    800022c0:	0007b707          	fld	fa4,0(a5)
    800022c4:	fbc42783          	lw	a5,-68(s0)
    800022c8:	00379793          	slli	a5,a5,0x3
    800022cc:	ff878793          	addi	a5,a5,-8
    800022d0:	fa843703          	ld	a4,-88(s0)
    800022d4:	00f707b3          	add	a5,a4,a5
    800022d8:	0007b787          	fld	fa5,0(a5)
    800022dc:	a2f727d3          	feq.d	a5,fa4,fa5
    800022e0:	00079663          	bne	a5,zero,800022ec <verifyDouble+0x174>
    800022e4:	fbc42783          	lw	a5,-68(s0)
    800022e8:	0080006f          	jal	zero,800022f0 <verifyDouble+0x178>
    800022ec:	00000793          	addi	a5,zero,0
    800022f0:	00078513          	addi	a0,a5,0
    800022f4:	05813403          	ld	s0,88(sp)
    800022f8:	06010113          	addi	sp,sp,96
    800022fc:	00008067          	jalr	zero,0(ra)

0000000080002300 <barrier>:
    80002300:	fe010113          	addi	sp,sp,-32
    80002304:	00813c23          	sd	s0,24(sp)
    80002308:	02010413          	addi	s0,sp,32
    8000230c:	00050793          	addi	a5,a0,0
    80002310:	fef42623          	sw	a5,-20(s0)
    80002314:	0ff0000f          	fence	iorw,iorw
    80002318:	00022783          	lw	a5,0(tp) # 0 <threadsense.4>
    8000231c:	0017b793          	sltiu	a5,a5,1
    80002320:	0ff7f793          	andi	a5,a5,255
    80002324:	0007871b          	addiw	a4,a5,0
    80002328:	00e22023          	sw	a4,0(tp) # 0 <threadsense.4>
    8000232c:	00006797          	auipc	a5,0x6
    80002330:	05478793          	addi	a5,a5,84 # 80008380 <count.1>
    80002334:	00100713          	addi	a4,zero,1
    80002338:	0f50000f          	fence	iorw,ow
    8000233c:	04e7a6af          	amoadd.w.aq	a3,a4,(a5)
    80002340:	0006879b          	addiw	a5,a3,0
    80002344:	0007871b          	addiw	a4,a5,0
    80002348:	fec42783          	lw	a5,-20(s0)
    8000234c:	fff7879b          	addiw	a5,a5,-1
    80002350:	0007879b          	addiw	a5,a5,0
    80002354:	02f71263          	bne	a4,a5,80002378 <barrier+0x78>
    80002358:	00006797          	auipc	a5,0x6
    8000235c:	02878793          	addi	a5,a5,40 # 80008380 <count.1>
    80002360:	0007a023          	sw	zero,0(a5)
    80002364:	00022703          	lw	a4,0(tp) # 0 <threadsense.4>
    80002368:	00006797          	auipc	a5,0x6
    8000236c:	01c78793          	addi	a5,a5,28 # 80008384 <sense.0>
    80002370:	00e7a023          	sw	a4,0(a5)
    80002374:	0200006f          	jal	zero,80002394 <barrier+0x94>
    80002378:	00000013          	addi	zero,zero,0
    8000237c:	00006797          	auipc	a5,0x6
    80002380:	00878793          	addi	a5,a5,8 # 80008384 <sense.0>
    80002384:	0007a783          	lw	a5,0(a5)
    80002388:	0007871b          	addiw	a4,a5,0
    8000238c:	00022783          	lw	a5,0(tp) # 0 <threadsense.4>
    80002390:	fef716e3          	bne	a4,a5,8000237c <barrier+0x7c>
    80002394:	0ff0000f          	fence	iorw,iorw
    80002398:	00000013          	addi	zero,zero,0
    8000239c:	01813403          	ld	s0,24(sp)
    800023a0:	02010113          	addi	sp,sp,32
    800023a4:	00008067          	jalr	zero,0(ra)

00000000800023a8 <lfsr>:
    800023a8:	fd010113          	addi	sp,sp,-48
    800023ac:	02813423          	sd	s0,40(sp)
    800023b0:	03010413          	addi	s0,sp,48
    800023b4:	fca43c23          	sd	a0,-40(s0)
    800023b8:	fd843783          	ld	a5,-40(s0)
    800023bc:	0017d713          	srli	a4,a5,0x1
    800023c0:	fd843783          	ld	a5,-40(s0)
    800023c4:	00f747b3          	xor	a5,a4,a5
    800023c8:	0017f793          	andi	a5,a5,1
    800023cc:	fef43423          	sd	a5,-24(s0)
    800023d0:	fd843783          	ld	a5,-40(s0)
    800023d4:	0017d713          	srli	a4,a5,0x1
    800023d8:	fe843783          	ld	a5,-24(s0)
    800023dc:	03e79793          	slli	a5,a5,0x3e
    800023e0:	00f767b3          	or	a5,a4,a5
    800023e4:	00078513          	addi	a0,a5,0
    800023e8:	02813403          	ld	s0,40(sp)
    800023ec:	03010113          	addi	sp,sp,48
    800023f0:	00008067          	jalr	zero,0(ra)

00000000800023f4 <insn_len>:
    800023f4:	fe010113          	addi	sp,sp,-32
    800023f8:	00813c23          	sd	s0,24(sp)
    800023fc:	02010413          	addi	s0,sp,32
    80002400:	fea43423          	sd	a0,-24(s0)
    80002404:	fe843783          	ld	a5,-24(s0)
    80002408:	0007d783          	lhu	a5,0(a5)
    8000240c:	0007879b          	addiw	a5,a5,0
    80002410:	0037f793          	andi	a5,a5,3
    80002414:	0007879b          	addiw	a5,a5,0
    80002418:	00078663          	beq	a5,zero,80002424 <insn_len+0x30>
    8000241c:	00400793          	addi	a5,zero,4
    80002420:	0080006f          	jal	zero,80002428 <insn_len+0x34>
    80002424:	00200793          	addi	a5,zero,2
    80002428:	00078513          	addi	a0,a5,0
    8000242c:	01813403          	ld	s0,24(sp)
    80002430:	02010113          	addi	sp,sp,32
    80002434:	00008067          	jalr	zero,0(ra)

0000000080002438 <syscall>:
    80002438:	f5010113          	addi	sp,sp,-176
    8000243c:	0a813423          	sd	s0,168(sp)
    80002440:	0b010413          	addi	s0,sp,176
    80002444:	f6a43c23          	sd	a0,-136(s0)
    80002448:	f6b43823          	sd	a1,-144(s0)
    8000244c:	f6c43423          	sd	a2,-152(s0)
    80002450:	f6d43023          	sd	a3,-160(s0)
    80002454:	ff040793          	addi	a5,s0,-16
    80002458:	f4f43c23          	sd	a5,-168(s0)
    8000245c:	f5843783          	ld	a5,-168(s0)
    80002460:	f9078793          	addi	a5,a5,-112
    80002464:	03f78793          	addi	a5,a5,63
    80002468:	0067d793          	srli	a5,a5,0x6
    8000246c:	00679793          	slli	a5,a5,0x6
    80002470:	f7843703          	ld	a4,-136(s0)
    80002474:	00e7b023          	sd	a4,0(a5)
    80002478:	f7043703          	ld	a4,-144(s0)
    8000247c:	00e7b423          	sd	a4,8(a5)
    80002480:	f6843703          	ld	a4,-152(s0)
    80002484:	00e7b823          	sd	a4,16(a5)
    80002488:	f6043703          	ld	a4,-160(s0)
    8000248c:	00e7bc23          	sd	a4,24(a5)
    80002490:	0ff0000f          	fence	iorw,iorw
    80002494:	00078693          	addi	a3,a5,0
    80002498:	2b001713          	bseti	a4,zero,0x30
    8000249c:	fff70713          	addi	a4,a4,-1
    800024a0:	00e6f6b3          	and	a3,a3,a4
    800024a4:	fffff717          	auipc	a4,0xfffff
    800024a8:	b5c70713          	addi	a4,a4,-1188 # 80001000 <tohost>
    800024ac:	00d73023          	sd	a3,0(a4)
    800024b0:	00000013          	addi	zero,zero,0
    800024b4:	fffff717          	auipc	a4,0xfffff
    800024b8:	b8c70713          	addi	a4,a4,-1140 # 80001040 <fromhost>
    800024bc:	00073703          	ld	a4,0(a4)
    800024c0:	fe070ae3          	beq	a4,zero,800024b4 <syscall+0x7c>
    800024c4:	fffff717          	auipc	a4,0xfffff
    800024c8:	b7c70713          	addi	a4,a4,-1156 # 80001040 <fromhost>
    800024cc:	00073023          	sd	zero,0(a4)
    800024d0:	0ff0000f          	fence	iorw,iorw
    800024d4:	0007b783          	ld	a5,0(a5)
    800024d8:	00078513          	addi	a0,a5,0
    800024dc:	0a813403          	ld	s0,168(sp)
    800024e0:	0b010113          	addi	sp,sp,176
    800024e4:	00008067          	jalr	zero,0(ra)

00000000800024e8 <setStats>:
    800024e8:	fb010113          	addi	sp,sp,-80
    800024ec:	04813423          	sd	s0,72(sp)
    800024f0:	05010413          	addi	s0,sp,80
    800024f4:	00050793          	addi	a5,a0,0
    800024f8:	faf42e23          	sw	a5,-68(s0)
    800024fc:	fc042e23          	sw	zero,-36(s0)
    80002500:	fdc42783          	lw	a5,-36(s0)
    80002504:	0007871b          	addiw	a4,a5,0
    80002508:	00100793          	addi	a5,zero,1
    8000250c:	fee7cae3          	blt	a5,a4,80002500 <setStats+0x18>
    80002510:	b00027f3          	csrrs	a5,mcycle,zero
    80002514:	fcf43823          	sd	a5,-48(s0)
    80002518:	fd043783          	ld	a5,-48(s0)
    8000251c:	fef43423          	sd	a5,-24(s0)
    80002520:	fbc42783          	lw	a5,-68(s0)
    80002524:	0007879b          	addiw	a5,a5,0
    80002528:	04079463          	bne	a5,zero,80002570 <setStats+0x88>
    8000252c:	00006717          	auipc	a4,0x6
    80002530:	e3470713          	addi	a4,a4,-460 # 80008360 <counters>
    80002534:	fdc42783          	lw	a5,-36(s0)
    80002538:	00379793          	slli	a5,a5,0x3
    8000253c:	00f707b3          	add	a5,a4,a5
    80002540:	0007b783          	ld	a5,0(a5)
    80002544:	fe843703          	ld	a4,-24(s0)
    80002548:	40f707b3          	sub	a5,a4,a5
    8000254c:	fef43423          	sd	a5,-24(s0)
    80002550:	00006717          	auipc	a4,0x6
    80002554:	e2070713          	addi	a4,a4,-480 # 80008370 <counter_names>
    80002558:	fdc42783          	lw	a5,-36(s0)
    8000255c:	00379793          	slli	a5,a5,0x3
    80002560:	00f707b3          	add	a5,a4,a5
    80002564:	00002717          	auipc	a4,0x2
    80002568:	c5c70713          	addi	a4,a4,-932 # 800041c0 <main+0x60>
    8000256c:	00e7b023          	sd	a4,0(a5)
    80002570:	fdc42783          	lw	a5,-36(s0)
    80002574:	0017871b          	addiw	a4,a5,1
    80002578:	fce42e23          	sw	a4,-36(s0)
    8000257c:	00006717          	auipc	a4,0x6
    80002580:	de470713          	addi	a4,a4,-540 # 80008360 <counters>
    80002584:	00379793          	slli	a5,a5,0x3
    80002588:	00f707b3          	add	a5,a4,a5
    8000258c:	fe843703          	ld	a4,-24(s0)
    80002590:	00e7b023          	sd	a4,0(a5)
    80002594:	fdc42783          	lw	a5,-36(s0)
    80002598:	0007871b          	addiw	a4,a5,0
    8000259c:	00100793          	addi	a5,zero,1
    800025a0:	fee7cae3          	blt	a5,a4,80002594 <setStats+0xac>
    800025a4:	b02027f3          	csrrs	a5,minstret,zero
    800025a8:	fcf43423          	sd	a5,-56(s0)
    800025ac:	fc843783          	ld	a5,-56(s0)
    800025b0:	fef43023          	sd	a5,-32(s0)
    800025b4:	fbc42783          	lw	a5,-68(s0)
    800025b8:	0007879b          	addiw	a5,a5,0
    800025bc:	04079463          	bne	a5,zero,80002604 <setStats+0x11c>
    800025c0:	00006717          	auipc	a4,0x6
    800025c4:	da070713          	addi	a4,a4,-608 # 80008360 <counters>
    800025c8:	fdc42783          	lw	a5,-36(s0)
    800025cc:	00379793          	slli	a5,a5,0x3
    800025d0:	00f707b3          	add	a5,a4,a5
    800025d4:	0007b783          	ld	a5,0(a5)
    800025d8:	fe043703          	ld	a4,-32(s0)
    800025dc:	40f707b3          	sub	a5,a4,a5
    800025e0:	fef43023          	sd	a5,-32(s0)
    800025e4:	00006717          	auipc	a4,0x6
    800025e8:	d8c70713          	addi	a4,a4,-628 # 80008370 <counter_names>
    800025ec:	fdc42783          	lw	a5,-36(s0)
    800025f0:	00379793          	slli	a5,a5,0x3
    800025f4:	00f707b3          	add	a5,a4,a5
    800025f8:	00002717          	auipc	a4,0x2
    800025fc:	bd070713          	addi	a4,a4,-1072 # 800041c8 <main+0x68>
    80002600:	00e7b023          	sd	a4,0(a5)
    80002604:	fdc42783          	lw	a5,-36(s0)
    80002608:	0017871b          	addiw	a4,a5,1
    8000260c:	fce42e23          	sw	a4,-36(s0)
    80002610:	00006717          	auipc	a4,0x6
    80002614:	d5070713          	addi	a4,a4,-688 # 80008360 <counters>
    80002618:	00379793          	slli	a5,a5,0x3
    8000261c:	00f707b3          	add	a5,a4,a5
    80002620:	fe043703          	ld	a4,-32(s0)
    80002624:	00e7b023          	sd	a4,0(a5)
    80002628:	00000013          	addi	zero,zero,0
    8000262c:	04813403          	ld	s0,72(sp)
    80002630:	05010113          	addi	sp,sp,80
    80002634:	00008067          	jalr	zero,0(ra)

0000000080002638 <getStats>:
    80002638:	fe010113          	addi	sp,sp,-32
    8000263c:	00813c23          	sd	s0,24(sp)
    80002640:	02010413          	addi	s0,sp,32
    80002644:	00050793          	addi	a5,a0,0
    80002648:	fef42623          	sw	a5,-20(s0)
    8000264c:	00006717          	auipc	a4,0x6
    80002650:	d1470713          	addi	a4,a4,-748 # 80008360 <counters>
    80002654:	fec42783          	lw	a5,-20(s0)
    80002658:	00379793          	slli	a5,a5,0x3
    8000265c:	00f707b3          	add	a5,a4,a5
    80002660:	0007b783          	ld	a5,0(a5)
    80002664:	00078513          	addi	a0,a5,0
    80002668:	01813403          	ld	s0,24(sp)
    8000266c:	02010113          	addi	sp,sp,32
    80002670:	00008067          	jalr	zero,0(ra)

0000000080002674 <tohost_exit>:
    80002674:	fe010113          	addi	sp,sp,-32
    80002678:	00813c23          	sd	s0,24(sp)
    8000267c:	02010413          	addi	s0,sp,32
    80002680:	fea43423          	sd	a0,-24(s0)
    80002684:	fe843783          	ld	a5,-24(s0)
    80002688:	01179793          	slli	a5,a5,0x11
    8000268c:	0107d793          	srli	a5,a5,0x10
    80002690:	0017e713          	ori	a4,a5,1
    80002694:	fffff797          	auipc	a5,0xfffff
    80002698:	96c78793          	addi	a5,a5,-1684 # 80001000 <tohost>
    8000269c:	00e7b023          	sd	a4,0(a5)
    800026a0:	00000013          	addi	zero,zero,0
    800026a4:	0000006f          	jal	zero,800026a4 <tohost_exit+0x30>

00000000800026a8 <handle_trap>:
    800026a8:	fd010113          	addi	sp,sp,-48
    800026ac:	02113423          	sd	ra,40(sp)
    800026b0:	02813023          	sd	s0,32(sp)
    800026b4:	03010413          	addi	s0,sp,48
    800026b8:	fea43423          	sd	a0,-24(s0)
    800026bc:	feb43023          	sd	a1,-32(s0)
    800026c0:	fcc43c23          	sd	a2,-40(s0)
    800026c4:	53900513          	addi	a0,zero,1337
    800026c8:	fadff0ef          	jal	ra,80002674 <tohost_exit>

00000000800026cc <exit>:
    800026cc:	fe010113          	addi	sp,sp,-32
    800026d0:	00113c23          	sd	ra,24(sp)
    800026d4:	00813823          	sd	s0,16(sp)
    800026d8:	02010413          	addi	s0,sp,32
    800026dc:	00050793          	addi	a5,a0,0
    800026e0:	fef42623          	sw	a5,-20(s0)
    800026e4:	fec42783          	lw	a5,-20(s0)
    800026e8:	00078513          	addi	a0,a5,0
    800026ec:	f89ff0ef          	jal	ra,80002674 <tohost_exit>

00000000800026f0 <abort>:
    800026f0:	ff010113          	addi	sp,sp,-16
    800026f4:	00113423          	sd	ra,8(sp)
    800026f8:	00813023          	sd	s0,0(sp)
    800026fc:	01010413          	addi	s0,sp,16
    80002700:	08600513          	addi	a0,zero,134
    80002704:	fc9ff0ef          	jal	ra,800026cc <exit>

0000000080002708 <printstr>:
    80002708:	fd010113          	addi	sp,sp,-48
    8000270c:	02113423          	sd	ra,40(sp)
    80002710:	02813023          	sd	s0,32(sp)
    80002714:	00913c23          	sd	s1,24(sp)
    80002718:	03010413          	addi	s0,sp,48
    8000271c:	fca43c23          	sd	a0,-40(s0)
    80002720:	fd843483          	ld	s1,-40(s0)
    80002724:	fd843503          	ld	a0,-40(s0)
    80002728:	5fd000ef          	jal	ra,80003524 <strlen>
    8000272c:	00050793          	addi	a5,a0,0
    80002730:	00078693          	addi	a3,a5,0
    80002734:	00048613          	addi	a2,s1,0
    80002738:	00100593          	addi	a1,zero,1
    8000273c:	04000513          	addi	a0,zero,64
    80002740:	cf9ff0ef          	jal	ra,80002438 <syscall>
    80002744:	00000013          	addi	zero,zero,0
    80002748:	02813083          	ld	ra,40(sp)
    8000274c:	02013403          	ld	s0,32(sp)
    80002750:	01813483          	ld	s1,24(sp)
    80002754:	03010113          	addi	sp,sp,48
    80002758:	00008067          	jalr	zero,0(ra)

000000008000275c <thread_entry>:
    8000275c:	fe010113          	addi	sp,sp,-32
    80002760:	00813c23          	sd	s0,24(sp)
    80002764:	02010413          	addi	s0,sp,32
    80002768:	00050793          	addi	a5,a0,0
    8000276c:	00058713          	addi	a4,a1,0
    80002770:	fef42623          	sw	a5,-20(s0)
    80002774:	00070793          	addi	a5,a4,0
    80002778:	fef42423          	sw	a5,-24(s0)
    8000277c:	00000013          	addi	zero,zero,0
    80002780:	fec42783          	lw	a5,-20(s0)
    80002784:	0007879b          	addiw	a5,a5,0
    80002788:	fe079ce3          	bne	a5,zero,80002780 <thread_entry+0x24>
    8000278c:	00000013          	addi	zero,zero,0
    80002790:	00000013          	addi	zero,zero,0
    80002794:	01813403          	ld	s0,24(sp)
    80002798:	02010113          	addi	sp,sp,32
    8000279c:	00008067          	jalr	zero,0(ra)
    800027a0:	fe010113          	addi	sp,sp,-32
    800027a4:	00113c23          	sd	ra,24(sp)
    800027a8:	00813823          	sd	s0,16(sp)
    800027ac:	02010413          	addi	s0,sp,32
    800027b0:	00050793          	addi	a5,a0,0
    800027b4:	feb43023          	sd	a1,-32(s0)
    800027b8:	fef42623          	sw	a5,-20(s0)
    800027bc:	00002517          	auipc	a0,0x2
    800027c0:	a1c50513          	addi	a0,a0,-1508 # 800041d8 <main+0x78>
    800027c4:	f45ff0ef          	jal	ra,80002708 <printstr>
    800027c8:	fff00793          	addi	a5,zero,-1
    800027cc:	00078513          	addi	a0,a5,0
    800027d0:	01813083          	ld	ra,24(sp)
    800027d4:	01013403          	ld	s0,16(sp)
    800027d8:	02010113          	addi	sp,sp,32
    800027dc:	00008067          	jalr	zero,0(ra)

00000000800027e0 <init_tls>:
    800027e0:	fe010113          	addi	sp,sp,-32
    800027e4:	00113c23          	sd	ra,24(sp)
    800027e8:	00813823          	sd	s0,16(sp)
    800027ec:	02010413          	addi	s0,sp,32
    800027f0:	00006717          	auipc	a4,0x6
    800027f4:	ba070713          	addi	a4,a4,-1120 # 80008390 <_tdata_begin>
    800027f8:	00006797          	auipc	a5,0x6
    800027fc:	b9878793          	addi	a5,a5,-1128 # 80008390 <_tdata_begin>
    80002800:	40f707b3          	sub	a5,a4,a5
    80002804:	fef43423          	sd	a5,-24(s0)
    80002808:	00020793          	addi	a5,tp,0 # 0 <threadsense.4>
    8000280c:	fe843603          	ld	a2,-24(s0)
    80002810:	00006597          	auipc	a1,0x6
    80002814:	b8058593          	addi	a1,a1,-1152 # 80008390 <_tdata_begin>
    80002818:	00078513          	addi	a0,a5,0
    8000281c:	331000ef          	jal	ra,8000334c <memcpy>
    80002820:	8e818713          	addi	a4,gp,-1816 # 80008448 <_tbss_end>
    80002824:	00006797          	auipc	a5,0x6
    80002828:	b6c78793          	addi	a5,a5,-1172 # 80008390 <_tdata_begin>
    8000282c:	40f707b3          	sub	a5,a4,a5
    80002830:	fef43023          	sd	a5,-32(s0)
    80002834:	00020713          	addi	a4,tp,0 # 0 <threadsense.4>
    80002838:	fe843783          	ld	a5,-24(s0)
    8000283c:	00f707b3          	add	a5,a4,a5
    80002840:	fe043603          	ld	a2,-32(s0)
    80002844:	00000593          	addi	a1,zero,0
    80002848:	00078513          	addi	a0,a5,0
    8000284c:	3dd000ef          	jal	ra,80003428 <memset>
    80002850:	00000013          	addi	zero,zero,0
    80002854:	01813083          	ld	ra,24(sp)
    80002858:	01013403          	ld	s0,16(sp)
    8000285c:	02010113          	addi	sp,sp,32
    80002860:	00008067          	jalr	zero,0(ra)

0000000080002864 <_init>:
    80002864:	f5010113          	addi	sp,sp,-176
    80002868:	0a113423          	sd	ra,168(sp)
    8000286c:	0a813023          	sd	s0,160(sp)
    80002870:	08913c23          	sd	s1,152(sp)
    80002874:	0b010413          	addi	s0,sp,176
    80002878:	00050793          	addi	a5,a0,0
    8000287c:	00058713          	addi	a4,a1,0
    80002880:	f4f42e23          	sw	a5,-164(s0)
    80002884:	00070793          	addi	a5,a4,0
    80002888:	f4f42c23          	sw	a5,-168(s0)
    8000288c:	fe040793          	addi	a5,s0,-32
    80002890:	f4f43823          	sd	a5,-176(s0)
    80002894:	f5043783          	ld	a5,-176(s0)
    80002898:	f8078793          	addi	a5,a5,-128
    8000289c:	03f78793          	addi	a5,a5,63
    800028a0:	0067d793          	srli	a5,a5,0x6
    800028a4:	00679493          	slli	s1,a5,0x6
    800028a8:	f39ff0ef          	jal	ra,800027e0 <init_tls>
    800028ac:	f5842703          	lw	a4,-168(s0)
    800028b0:	f5c42783          	lw	a5,-164(s0)
    800028b4:	00070593          	addi	a1,a4,0
    800028b8:	00078513          	addi	a0,a5,0
    800028bc:	ea1ff0ef          	jal	ra,8000275c <thread_entry>
    800028c0:	00000593          	addi	a1,zero,0
    800028c4:	00000513          	addi	a0,zero,0
    800028c8:	099010ef          	jal	ra,80004160 <main>
    800028cc:	00050793          	addi	a5,a0,0
    800028d0:	fcf42823          	sw	a5,-48(s0)
    800028d4:	fc943c23          	sd	s1,-40(s0)
    800028d8:	fc042a23          	sw	zero,-44(s0)
    800028dc:	0840006f          	jal	zero,80002960 <_init+0xfc>
    800028e0:	00006717          	auipc	a4,0x6
    800028e4:	a8070713          	addi	a4,a4,-1408 # 80008360 <counters>
    800028e8:	fd442783          	lw	a5,-44(s0)
    800028ec:	00379793          	slli	a5,a5,0x3
    800028f0:	00f707b3          	add	a5,a4,a5
    800028f4:	0007b783          	ld	a5,0(a5)
    800028f8:	04078e63          	beq	a5,zero,80002954 <_init+0xf0>
    800028fc:	00006717          	auipc	a4,0x6
    80002900:	a7470713          	addi	a4,a4,-1420 # 80008370 <counter_names>
    80002904:	fd442783          	lw	a5,-44(s0)
    80002908:	00379793          	slli	a5,a5,0x3
    8000290c:	00f707b3          	add	a5,a4,a5
    80002910:	0007b603          	ld	a2,0(a5)
    80002914:	00006717          	auipc	a4,0x6
    80002918:	a4c70713          	addi	a4,a4,-1460 # 80008360 <counters>
    8000291c:	fd442783          	lw	a5,-44(s0)
    80002920:	00379793          	slli	a5,a5,0x3
    80002924:	00f707b3          	add	a5,a4,a5
    80002928:	0007b783          	ld	a5,0(a5)
    8000292c:	00078693          	addi	a3,a5,0
    80002930:	00002597          	auipc	a1,0x2
    80002934:	8c058593          	addi	a1,a1,-1856 # 800041f0 <main+0x90>
    80002938:	fd843503          	ld	a0,-40(s0)
    8000293c:	179000ef          	jal	ra,800032b4 <sprintf>
    80002940:	00050793          	addi	a5,a0,0
    80002944:	00078713          	addi	a4,a5,0
    80002948:	fd843783          	ld	a5,-40(s0)
    8000294c:	00e787b3          	add	a5,a5,a4
    80002950:	fcf43c23          	sd	a5,-40(s0)
    80002954:	fd442783          	lw	a5,-44(s0)
    80002958:	0017879b          	addiw	a5,a5,1
    8000295c:	fcf42a23          	sw	a5,-44(s0)
    80002960:	fd442783          	lw	a5,-44(s0)
    80002964:	0007871b          	addiw	a4,a5,0
    80002968:	00100793          	addi	a5,zero,1
    8000296c:	f6e7dae3          	bge	a5,a4,800028e0 <_init+0x7c>
    80002970:	fd843783          	ld	a5,-40(s0)
    80002974:	00f48663          	beq	s1,a5,80002980 <_init+0x11c>
    80002978:	00048513          	addi	a0,s1,0
    8000297c:	d8dff0ef          	jal	ra,80002708 <printstr>
    80002980:	fd042783          	lw	a5,-48(s0)
    80002984:	00078513          	addi	a0,a5,0
    80002988:	d45ff0ef          	jal	ra,800026cc <exit>

000000008000298c <puts>:
    8000298c:	fd010113          	addi	sp,sp,-48
    80002990:	02113423          	sd	ra,40(sp)
    80002994:	02813023          	sd	s0,32(sp)
    80002998:	03010413          	addi	s0,sp,48
    8000299c:	fca43c23          	sd	a0,-40(s0)
    800029a0:	fd843783          	ld	a5,-40(s0)
    800029a4:	fef43423          	sd	a5,-24(s0)
    800029a8:	0200006f          	jal	zero,800029c8 <puts+0x3c>
    800029ac:	fe843783          	ld	a5,-24(s0)
    800029b0:	00178713          	addi	a4,a5,1
    800029b4:	fee43423          	sd	a4,-24(s0)
    800029b8:	0007c783          	lbu	a5,0(a5)
    800029bc:	0007879b          	addiw	a5,a5,0
    800029c0:	00078513          	addi	a0,a5,0
    800029c4:	030000ef          	jal	ra,800029f4 <putchar>
    800029c8:	fe843783          	ld	a5,-24(s0)
    800029cc:	0007c783          	lbu	a5,0(a5)
    800029d0:	fc079ee3          	bne	a5,zero,800029ac <puts+0x20>
    800029d4:	00a00513          	addi	a0,zero,10
    800029d8:	01c000ef          	jal	ra,800029f4 <putchar>
    800029dc:	00000793          	addi	a5,zero,0
    800029e0:	00078513          	addi	a0,a5,0
    800029e4:	02813083          	ld	ra,40(sp)
    800029e8:	02013403          	ld	s0,32(sp)
    800029ec:	03010113          	addi	sp,sp,48
    800029f0:	00008067          	jalr	zero,0(ra)

00000000800029f4 <putchar>:
    800029f4:	fe010113          	addi	sp,sp,-32
    800029f8:	00113c23          	sd	ra,24(sp)
    800029fc:	00813823          	sd	s0,16(sp)
    80002a00:	02010413          	addi	s0,sp,32
    80002a04:	00050793          	addi	a5,a0,0
    80002a08:	fef42623          	sw	a5,-20(s0)
    80002a0c:	08022783          	lw	a5,128(tp) # 80 <buflen.2>
    80002a10:	0017871b          	addiw	a4,a5,1
    80002a14:	0007069b          	addiw	a3,a4,0
    80002a18:	08d22023          	sw	a3,128(tp) # 80 <buflen.2>
    80002a1c:	fec42703          	lw	a4,-20(s0)
    80002a20:	0ff77713          	andi	a4,a4,255
    80002a24:	04020693          	addi	a3,tp,64 # 40 <buf.3>
    80002a28:	00f687b3          	add	a5,a3,a5
    80002a2c:	00e78023          	sb	a4,0(a5)
    80002a30:	fec42783          	lw	a5,-20(s0)
    80002a34:	0007871b          	addiw	a4,a5,0
    80002a38:	00a00793          	addi	a5,zero,10
    80002a3c:	00f70a63          	beq	a4,a5,80002a50 <putchar+0x5c>
    80002a40:	08022783          	lw	a5,128(tp) # 80 <buflen.2>
    80002a44:	00078713          	addi	a4,a5,0
    80002a48:	04000793          	addi	a5,zero,64
    80002a4c:	02f71263          	bne	a4,a5,80002a70 <putchar+0x7c>
    80002a50:	04020713          	addi	a4,tp,64 # 40 <buf.3>
    80002a54:	08022783          	lw	a5,128(tp) # 80 <buflen.2>
    80002a58:	00078693          	addi	a3,a5,0
    80002a5c:	00070613          	addi	a2,a4,0
    80002a60:	00100593          	addi	a1,zero,1
    80002a64:	04000513          	addi	a0,zero,64
    80002a68:	9d1ff0ef          	jal	ra,80002438 <syscall>
    80002a6c:	08022023          	sw	zero,128(tp) # 80 <buflen.2>
    80002a70:	00000793          	addi	a5,zero,0
    80002a74:	00078513          	addi	a0,a5,0
    80002a78:	01813083          	ld	ra,24(sp)
    80002a7c:	01013403          	ld	s0,16(sp)
    80002a80:	02010113          	addi	sp,sp,32
    80002a84:	00008067          	jalr	zero,0(ra)

0000000080002a88 <printhex>:
    80002a88:	fc010113          	addi	sp,sp,-64
    80002a8c:	02113c23          	sd	ra,56(sp)
    80002a90:	02813823          	sd	s0,48(sp)
    80002a94:	04010413          	addi	s0,sp,64
    80002a98:	fca43423          	sd	a0,-56(s0)
    80002a9c:	fe042623          	sw	zero,-20(s0)
    80002aa0:	06c0006f          	jal	zero,80002b0c <printhex+0x84>
    80002aa4:	fc843783          	ld	a5,-56(s0)
    80002aa8:	0ff7f793          	andi	a5,a5,255
    80002aac:	00f7f793          	andi	a5,a5,15
    80002ab0:	0ff7f713          	andi	a4,a5,255
    80002ab4:	fc843783          	ld	a5,-56(s0)
    80002ab8:	00f7f693          	andi	a3,a5,15
    80002abc:	00900793          	addi	a5,zero,9
    80002ac0:	00d7e663          	bltu	a5,a3,80002acc <printhex+0x44>
    80002ac4:	03000793          	addi	a5,zero,48
    80002ac8:	0080006f          	jal	zero,80002ad0 <printhex+0x48>
    80002acc:	05700793          	addi	a5,zero,87
    80002ad0:	00f00693          	addi	a3,zero,15
    80002ad4:	fec42603          	lw	a2,-20(s0)
    80002ad8:	40c686bb          	subw	a3,a3,a2
    80002adc:	0006869b          	addiw	a3,a3,0
    80002ae0:	00e787bb          	addw	a5,a5,a4
    80002ae4:	0ff7f713          	andi	a4,a5,255
    80002ae8:	ff068793          	addi	a5,a3,-16
    80002aec:	008787b3          	add	a5,a5,s0
    80002af0:	fee78423          	sb	a4,-24(a5)
    80002af4:	fc843783          	ld	a5,-56(s0)
    80002af8:	0047d793          	srli	a5,a5,0x4
    80002afc:	fcf43423          	sd	a5,-56(s0)
    80002b00:	fec42783          	lw	a5,-20(s0)
    80002b04:	0017879b          	addiw	a5,a5,1
    80002b08:	fef42623          	sw	a5,-20(s0)
    80002b0c:	fec42783          	lw	a5,-20(s0)
    80002b10:	0007871b          	addiw	a4,a5,0
    80002b14:	00f00793          	addi	a5,zero,15
    80002b18:	f8e7d6e3          	bge	a5,a4,80002aa4 <printhex+0x1c>
    80002b1c:	fe040423          	sb	zero,-24(s0)
    80002b20:	fd840793          	addi	a5,s0,-40
    80002b24:	00078513          	addi	a0,a5,0
    80002b28:	be1ff0ef          	jal	ra,80002708 <printstr>
    80002b2c:	00000013          	addi	zero,zero,0
    80002b30:	03813083          	ld	ra,56(sp)
    80002b34:	03013403          	ld	s0,48(sp)
    80002b38:	04010113          	addi	sp,sp,64
    80002b3c:	00008067          	jalr	zero,0(ra)

0000000080002b40 <printnum>:
    80002b40:	eb010113          	addi	sp,sp,-336
    80002b44:	14113423          	sd	ra,328(sp)
    80002b48:	14813023          	sd	s0,320(sp)
    80002b4c:	15010413          	addi	s0,sp,336
    80002b50:	eca43c23          	sd	a0,-296(s0)
    80002b54:	ecb43823          	sd	a1,-304(s0)
    80002b58:	ecc43423          	sd	a2,-312(s0)
    80002b5c:	00068613          	addi	a2,a3,0
    80002b60:	00070693          	addi	a3,a4,0
    80002b64:	00078713          	addi	a4,a5,0
    80002b68:	00060793          	addi	a5,a2,0
    80002b6c:	ecf42223          	sw	a5,-316(s0)
    80002b70:	00068793          	addi	a5,a3,0
    80002b74:	ecf42023          	sw	a5,-320(s0)
    80002b78:	00070793          	addi	a5,a4,0
    80002b7c:	eaf42e23          	sw	a5,-324(s0)
    80002b80:	fe042623          	sw	zero,-20(s0)
    80002b84:	ec446783          	lwu	a5,-316(s0)
    80002b88:	ec843703          	ld	a4,-312(s0)
    80002b8c:	02f776b3          	remu	a3,a4,a5
    80002b90:	fec42783          	lw	a5,-20(s0)
    80002b94:	0017871b          	addiw	a4,a5,1
    80002b98:	fee42623          	sw	a4,-20(s0)
    80002b9c:	0006871b          	addiw	a4,a3,0
    80002ba0:	00279793          	slli	a5,a5,0x2
    80002ba4:	ff078793          	addi	a5,a5,-16
    80002ba8:	008787b3          	add	a5,a5,s0
    80002bac:	eee7ac23          	sw	a4,-264(a5)
    80002bb0:	ec446783          	lwu	a5,-316(s0)
    80002bb4:	ec843703          	ld	a4,-312(s0)
    80002bb8:	00f76c63          	bltu	a4,a5,80002bd0 <printnum+0x90>
    80002bbc:	ec446783          	lwu	a5,-316(s0)
    80002bc0:	ec843703          	ld	a4,-312(s0)
    80002bc4:	02f757b3          	divu	a5,a4,a5
    80002bc8:	ecf43423          	sd	a5,-312(s0)
    80002bcc:	fb9ff06f          	jal	zero,80002b84 <printnum+0x44>
    80002bd0:	00000013          	addi	zero,zero,0
    80002bd4:	0180006f          	jal	zero,80002bec <printnum+0xac>
    80002bd8:	ebc42703          	lw	a4,-324(s0)
    80002bdc:	ed843783          	ld	a5,-296(s0)
    80002be0:	ed043583          	ld	a1,-304(s0)
    80002be4:	00070513          	addi	a0,a4,0
    80002be8:	000780e7          	jalr	ra,0(a5)
    80002bec:	ec042783          	lw	a5,-320(s0)
    80002bf0:	fff7871b          	addiw	a4,a5,-1
    80002bf4:	ece42023          	sw	a4,-320(s0)
    80002bf8:	fec42703          	lw	a4,-20(s0)
    80002bfc:	0007071b          	addiw	a4,a4,0
    80002c00:	fcf74ce3          	blt	a4,a5,80002bd8 <printnum+0x98>
    80002c04:	0600006f          	jal	zero,80002c64 <printnum+0x124>
    80002c08:	fec42783          	lw	a5,-20(s0)
    80002c0c:	00279793          	slli	a5,a5,0x2
    80002c10:	ff078793          	addi	a5,a5,-16
    80002c14:	008787b3          	add	a5,a5,s0
    80002c18:	ef87a703          	lw	a4,-264(a5)
    80002c1c:	fec42783          	lw	a5,-20(s0)
    80002c20:	00279793          	slli	a5,a5,0x2
    80002c24:	ff078793          	addi	a5,a5,-16
    80002c28:	008787b3          	add	a5,a5,s0
    80002c2c:	ef87a783          	lw	a5,-264(a5)
    80002c30:	00078693          	addi	a3,a5,0
    80002c34:	00900793          	addi	a5,zero,9
    80002c38:	00d7f663          	bgeu	a5,a3,80002c44 <printnum+0x104>
    80002c3c:	05700793          	addi	a5,zero,87
    80002c40:	0080006f          	jal	zero,80002c48 <printnum+0x108>
    80002c44:	03000793          	addi	a5,zero,48
    80002c48:	00e787bb          	addw	a5,a5,a4
    80002c4c:	0007879b          	addiw	a5,a5,0
    80002c50:	0007871b          	addiw	a4,a5,0
    80002c54:	ed843783          	ld	a5,-296(s0)
    80002c58:	ed043583          	ld	a1,-304(s0)
    80002c5c:	00070513          	addi	a0,a4,0
    80002c60:	000780e7          	jalr	ra,0(a5)
    80002c64:	fec42783          	lw	a5,-20(s0)
    80002c68:	fff7871b          	addiw	a4,a5,-1
    80002c6c:	fee42623          	sw	a4,-20(s0)
    80002c70:	f8f04ce3          	blt	zero,a5,80002c08 <printnum+0xc8>
    80002c74:	00000013          	addi	zero,zero,0
    80002c78:	00000013          	addi	zero,zero,0
    80002c7c:	14813083          	ld	ra,328(sp)
    80002c80:	14013403          	ld	s0,320(sp)
    80002c84:	15010113          	addi	sp,sp,336
    80002c88:	00008067          	jalr	zero,0(ra)

0000000080002c8c <getuint>:
    80002c8c:	fe010113          	addi	sp,sp,-32
    80002c90:	00813c23          	sd	s0,24(sp)
    80002c94:	02010413          	addi	s0,sp,32
    80002c98:	fea43423          	sd	a0,-24(s0)
    80002c9c:	00058793          	addi	a5,a1,0
    80002ca0:	fef42223          	sw	a5,-28(s0)
    80002ca4:	fe442783          	lw	a5,-28(s0)
    80002ca8:	0007871b          	addiw	a4,a5,0
    80002cac:	00100793          	addi	a5,zero,1
    80002cb0:	02e7d063          	bge	a5,a4,80002cd0 <getuint+0x44>
    80002cb4:	fe843783          	ld	a5,-24(s0)
    80002cb8:	0007b783          	ld	a5,0(a5)
    80002cbc:	00878693          	addi	a3,a5,8
    80002cc0:	fe843703          	ld	a4,-24(s0)
    80002cc4:	00d73023          	sd	a3,0(a4)
    80002cc8:	0007b783          	ld	a5,0(a5)
    80002ccc:	0480006f          	jal	zero,80002d14 <getuint+0x88>
    80002cd0:	fe442783          	lw	a5,-28(s0)
    80002cd4:	0007879b          	addiw	a5,a5,0
    80002cd8:	02078063          	beq	a5,zero,80002cf8 <getuint+0x6c>
    80002cdc:	fe843783          	ld	a5,-24(s0)
    80002ce0:	0007b783          	ld	a5,0(a5)
    80002ce4:	00878693          	addi	a3,a5,8
    80002ce8:	fe843703          	ld	a4,-24(s0)
    80002cec:	00d73023          	sd	a3,0(a4)
    80002cf0:	0007b783          	ld	a5,0(a5)
    80002cf4:	0200006f          	jal	zero,80002d14 <getuint+0x88>
    80002cf8:	fe843783          	ld	a5,-24(s0)
    80002cfc:	0007b783          	ld	a5,0(a5)
    80002d00:	00878693          	addi	a3,a5,8
    80002d04:	fe843703          	ld	a4,-24(s0)
    80002d08:	00d73023          	sd	a3,0(a4)
    80002d0c:	0007a783          	lw	a5,0(a5)
    80002d10:	080787bb          	add.uw	a5,a5,zero
    80002d14:	00078513          	addi	a0,a5,0
    80002d18:	01813403          	ld	s0,24(sp)
    80002d1c:	02010113          	addi	sp,sp,32
    80002d20:	00008067          	jalr	zero,0(ra)

0000000080002d24 <getint>:
    80002d24:	fe010113          	addi	sp,sp,-32
    80002d28:	00813c23          	sd	s0,24(sp)
    80002d2c:	02010413          	addi	s0,sp,32
    80002d30:	fea43423          	sd	a0,-24(s0)
    80002d34:	00058793          	addi	a5,a1,0
    80002d38:	fef42223          	sw	a5,-28(s0)
    80002d3c:	fe442783          	lw	a5,-28(s0)
    80002d40:	0007871b          	addiw	a4,a5,0
    80002d44:	00100793          	addi	a5,zero,1
    80002d48:	02e7d063          	bge	a5,a4,80002d68 <getint+0x44>
    80002d4c:	fe843783          	ld	a5,-24(s0)
    80002d50:	0007b783          	ld	a5,0(a5)
    80002d54:	00878693          	addi	a3,a5,8
    80002d58:	fe843703          	ld	a4,-24(s0)
    80002d5c:	00d73023          	sd	a3,0(a4)
    80002d60:	0007b783          	ld	a5,0(a5)
    80002d64:	0440006f          	jal	zero,80002da8 <getint+0x84>
    80002d68:	fe442783          	lw	a5,-28(s0)
    80002d6c:	0007879b          	addiw	a5,a5,0
    80002d70:	02078063          	beq	a5,zero,80002d90 <getint+0x6c>
    80002d74:	fe843783          	ld	a5,-24(s0)
    80002d78:	0007b783          	ld	a5,0(a5)
    80002d7c:	00878693          	addi	a3,a5,8
    80002d80:	fe843703          	ld	a4,-24(s0)
    80002d84:	00d73023          	sd	a3,0(a4)
    80002d88:	0007b783          	ld	a5,0(a5)
    80002d8c:	01c0006f          	jal	zero,80002da8 <getint+0x84>
    80002d90:	fe843783          	ld	a5,-24(s0)
    80002d94:	0007b783          	ld	a5,0(a5)
    80002d98:	00878693          	addi	a3,a5,8
    80002d9c:	fe843703          	ld	a4,-24(s0)
    80002da0:	00d73023          	sd	a3,0(a4)
    80002da4:	0007a783          	lw	a5,0(a5)
    80002da8:	00078513          	addi	a0,a5,0
    80002dac:	01813403          	ld	s0,24(sp)
    80002db0:	02010113          	addi	sp,sp,32
    80002db4:	00008067          	jalr	zero,0(ra)

0000000080002db8 <vprintfmt>:
    80002db8:	f9010113          	addi	sp,sp,-112
    80002dbc:	06113423          	sd	ra,104(sp)
    80002dc0:	06813023          	sd	s0,96(sp)
    80002dc4:	04913c23          	sd	s1,88(sp)
    80002dc8:	05213823          	sd	s2,80(sp)
    80002dcc:	07010413          	addi	s0,sp,112
    80002dd0:	faa43423          	sd	a0,-88(s0)
    80002dd4:	fab43023          	sd	a1,-96(s0)
    80002dd8:	f8c43c23          	sd	a2,-104(s0)
    80002ddc:	f8d43823          	sd	a3,-112(s0)
    80002de0:	0240006f          	jal	zero,80002e04 <vprintfmt+0x4c>
    80002de4:	3e048263          	beq	s1,zero,800031c8 <vprintfmt+0x410>
    80002de8:	f9843783          	ld	a5,-104(s0)
    80002dec:	00178793          	addi	a5,a5,1
    80002df0:	f8f43c23          	sd	a5,-104(s0)
    80002df4:	fa843783          	ld	a5,-88(s0)
    80002df8:	fa043583          	ld	a1,-96(s0)
    80002dfc:	00048513          	addi	a0,s1,0
    80002e00:	000780e7          	jalr	ra,0(a5)
    80002e04:	f9843783          	ld	a5,-104(s0)
    80002e08:	0007c783          	lbu	a5,0(a5)
    80002e0c:	0007849b          	addiw	s1,a5,0
    80002e10:	00048713          	addi	a4,s1,0
    80002e14:	02500793          	addi	a5,zero,37
    80002e18:	fcf716e3          	bne	a4,a5,80002de4 <vprintfmt+0x2c>
    80002e1c:	f9843783          	ld	a5,-104(s0)
    80002e20:	00178793          	addi	a5,a5,1
    80002e24:	f8f43c23          	sd	a5,-104(s0)
    80002e28:	f9843783          	ld	a5,-104(s0)
    80002e2c:	faf43c23          	sd	a5,-72(s0)
    80002e30:	02000793          	addi	a5,zero,32
    80002e34:	fcf403a3          	sb	a5,-57(s0)
    80002e38:	fff00793          	addi	a5,zero,-1
    80002e3c:	fcf42623          	sw	a5,-52(s0)
    80002e40:	fff00793          	addi	a5,zero,-1
    80002e44:	fcf42423          	sw	a5,-56(s0)
    80002e48:	fc042823          	sw	zero,-48(s0)
    80002e4c:	fa042a23          	sw	zero,-76(s0)
    80002e50:	f9843783          	ld	a5,-104(s0)
    80002e54:	00178713          	addi	a4,a5,1
    80002e58:	f8e43c23          	sd	a4,-104(s0)
    80002e5c:	0007c783          	lbu	a5,0(a5)
    80002e60:	0007849b          	addiw	s1,a5,0
    80002e64:	fdd4869b          	addiw	a3,s1,-35
    80002e68:	0006871b          	addiw	a4,a3,0
    80002e6c:	05500793          	addi	a5,zero,85
    80002e70:	32e7ec63          	bltu	a5,a4,800031a8 <vprintfmt+0x3f0>
    80002e74:	080687bb          	add.uw	a5,a3,zero
    80002e78:	00279713          	slli	a4,a5,0x2
    80002e7c:	00001797          	auipc	a5,0x1
    80002e80:	38c78793          	addi	a5,a5,908 # 80004208 <main+0xa8>
    80002e84:	00f707b3          	add	a5,a4,a5
    80002e88:	0007a783          	lw	a5,0(a5)
    80002e8c:	0007871b          	addiw	a4,a5,0
    80002e90:	00001797          	auipc	a5,0x1
    80002e94:	37878793          	addi	a5,a5,888 # 80004208 <main+0xa8>
    80002e98:	00f707b3          	add	a5,a4,a5
    80002e9c:	00078067          	jalr	zero,0(a5)
    80002ea0:	02d00793          	addi	a5,zero,45
    80002ea4:	fcf403a3          	sb	a5,-57(s0)
    80002ea8:	fa9ff06f          	jal	zero,80002e50 <vprintfmt+0x98>
    80002eac:	03000793          	addi	a5,zero,48
    80002eb0:	fcf403a3          	sb	a5,-57(s0)
    80002eb4:	f9dff06f          	jal	zero,80002e50 <vprintfmt+0x98>
    80002eb8:	fc042423          	sw	zero,-56(s0)
    80002ebc:	fc842783          	lw	a5,-56(s0)
    80002ec0:	00078713          	addi	a4,a5,0
    80002ec4:	00070793          	addi	a5,a4,0
    80002ec8:	0027979b          	slliw	a5,a5,0x2
    80002ecc:	00e787bb          	addw	a5,a5,a4
    80002ed0:	0017979b          	slliw	a5,a5,0x1
    80002ed4:	0007879b          	addiw	a5,a5,0
    80002ed8:	00f487bb          	addw	a5,s1,a5
    80002edc:	0007879b          	addiw	a5,a5,0
    80002ee0:	fd07879b          	addiw	a5,a5,-48
    80002ee4:	fcf42423          	sw	a5,-56(s0)
    80002ee8:	f9843783          	ld	a5,-104(s0)
    80002eec:	0007c783          	lbu	a5,0(a5)
    80002ef0:	0007849b          	addiw	s1,a5,0
    80002ef4:	00048713          	addi	a4,s1,0
    80002ef8:	02f00793          	addi	a5,zero,47
    80002efc:	04e7dc63          	bge	a5,a4,80002f54 <vprintfmt+0x19c>
    80002f00:	00048713          	addi	a4,s1,0
    80002f04:	03900793          	addi	a5,zero,57
    80002f08:	04e7c663          	blt	a5,a4,80002f54 <vprintfmt+0x19c>
    80002f0c:	f9843783          	ld	a5,-104(s0)
    80002f10:	00178793          	addi	a5,a5,1
    80002f14:	f8f43c23          	sd	a5,-104(s0)
    80002f18:	fa5ff06f          	jal	zero,80002ebc <vprintfmt+0x104>
    80002f1c:	f9043783          	ld	a5,-112(s0)
    80002f20:	00878713          	addi	a4,a5,8
    80002f24:	f8e43823          	sd	a4,-112(s0)
    80002f28:	0007a783          	lw	a5,0(a5)
    80002f2c:	fcf42423          	sw	a5,-56(s0)
    80002f30:	0280006f          	jal	zero,80002f58 <vprintfmt+0x1a0>
    80002f34:	fcc42783          	lw	a5,-52(s0)
    80002f38:	0007879b          	addiw	a5,a5,0
    80002f3c:	f007dae3          	bge	a5,zero,80002e50 <vprintfmt+0x98>
    80002f40:	fc042623          	sw	zero,-52(s0)
    80002f44:	f0dff06f          	jal	zero,80002e50 <vprintfmt+0x98>
    80002f48:	00100793          	addi	a5,zero,1
    80002f4c:	faf42a23          	sw	a5,-76(s0)
    80002f50:	f01ff06f          	jal	zero,80002e50 <vprintfmt+0x98>
    80002f54:	00000013          	addi	zero,zero,0
    80002f58:	fcc42783          	lw	a5,-52(s0)
    80002f5c:	0007879b          	addiw	a5,a5,0
    80002f60:	ee07d8e3          	bge	a5,zero,80002e50 <vprintfmt+0x98>
    80002f64:	fc842783          	lw	a5,-56(s0)
    80002f68:	fcf42623          	sw	a5,-52(s0)
    80002f6c:	fff00793          	addi	a5,zero,-1
    80002f70:	fcf42423          	sw	a5,-56(s0)
    80002f74:	eddff06f          	jal	zero,80002e50 <vprintfmt+0x98>
    80002f78:	fd042783          	lw	a5,-48(s0)
    80002f7c:	0017879b          	addiw	a5,a5,1
    80002f80:	fcf42823          	sw	a5,-48(s0)
    80002f84:	ecdff06f          	jal	zero,80002e50 <vprintfmt+0x98>
    80002f88:	f9043783          	ld	a5,-112(s0)
    80002f8c:	00878713          	addi	a4,a5,8
    80002f90:	f8e43823          	sd	a4,-112(s0)
    80002f94:	0007a703          	lw	a4,0(a5)
    80002f98:	fa843783          	ld	a5,-88(s0)
    80002f9c:	fa043583          	ld	a1,-96(s0)
    80002fa0:	00070513          	addi	a0,a4,0
    80002fa4:	000780e7          	jalr	ra,0(a5)
    80002fa8:	21c0006f          	jal	zero,800031c4 <vprintfmt+0x40c>
    80002fac:	f9043783          	ld	a5,-112(s0)
    80002fb0:	00878713          	addi	a4,a5,8
    80002fb4:	f8e43823          	sd	a4,-112(s0)
    80002fb8:	0007b903          	ld	s2,0(a5)
    80002fbc:	00091663          	bne	s2,zero,80002fc8 <vprintfmt+0x210>
    80002fc0:	00001917          	auipc	s2,0x1
    80002fc4:	24090913          	addi	s2,s2,576 # 80004200 <main+0xa0>
    80002fc8:	fcc42783          	lw	a5,-52(s0)
    80002fcc:	0007879b          	addiw	a5,a5,0
    80002fd0:	08f05a63          	bge	zero,a5,80003064 <vprintfmt+0x2ac>
    80002fd4:	fc744783          	lbu	a5,-57(s0)
    80002fd8:	0ff7f713          	andi	a4,a5,255
    80002fdc:	02d00793          	addi	a5,zero,45
    80002fe0:	08f70263          	beq	a4,a5,80003064 <vprintfmt+0x2ac>
    80002fe4:	fcc42483          	lw	s1,-52(s0)
    80002fe8:	fc842783          	lw	a5,-56(s0)
    80002fec:	00078593          	addi	a1,a5,0
    80002ff0:	00090513          	addi	a0,s2,0
    80002ff4:	580000ef          	jal	ra,80003574 <strnlen>
    80002ff8:	00050793          	addi	a5,a0,0
    80002ffc:	0007879b          	addiw	a5,a5,0
    80003000:	40f487bb          	subw	a5,s1,a5
    80003004:	0007879b          	addiw	a5,a5,0
    80003008:	fcf42623          	sw	a5,-52(s0)
    8000300c:	0280006f          	jal	zero,80003034 <vprintfmt+0x27c>
    80003010:	fc744783          	lbu	a5,-57(s0)
    80003014:	0007871b          	addiw	a4,a5,0
    80003018:	fa843783          	ld	a5,-88(s0)
    8000301c:	fa043583          	ld	a1,-96(s0)
    80003020:	00070513          	addi	a0,a4,0
    80003024:	000780e7          	jalr	ra,0(a5)
    80003028:	fcc42783          	lw	a5,-52(s0)
    8000302c:	fff7879b          	addiw	a5,a5,-1
    80003030:	fcf42623          	sw	a5,-52(s0)
    80003034:	fcc42783          	lw	a5,-52(s0)
    80003038:	0007879b          	addiw	a5,a5,0
    8000303c:	fcf04ae3          	blt	zero,a5,80003010 <vprintfmt+0x258>
    80003040:	0240006f          	jal	zero,80003064 <vprintfmt+0x2ac>
    80003044:	fa843783          	ld	a5,-88(s0)
    80003048:	fa043583          	ld	a1,-96(s0)
    8000304c:	00048513          	addi	a0,s1,0
    80003050:	000780e7          	jalr	ra,0(a5)
    80003054:	00190913          	addi	s2,s2,1
    80003058:	fcc42783          	lw	a5,-52(s0)
    8000305c:	fff7879b          	addiw	a5,a5,-1
    80003060:	fcf42623          	sw	a5,-52(s0)
    80003064:	00094783          	lbu	a5,0(s2)
    80003068:	0007849b          	addiw	s1,a5,0
    8000306c:	04048463          	beq	s1,zero,800030b4 <vprintfmt+0x2fc>
    80003070:	fc842783          	lw	a5,-56(s0)
    80003074:	0007879b          	addiw	a5,a5,0
    80003078:	fc07c6e3          	blt	a5,zero,80003044 <vprintfmt+0x28c>
    8000307c:	fc842783          	lw	a5,-56(s0)
    80003080:	fff7879b          	addiw	a5,a5,-1
    80003084:	fcf42423          	sw	a5,-56(s0)
    80003088:	fc842783          	lw	a5,-56(s0)
    8000308c:	0007879b          	addiw	a5,a5,0
    80003090:	fa07dae3          	bge	a5,zero,80003044 <vprintfmt+0x28c>
    80003094:	0200006f          	jal	zero,800030b4 <vprintfmt+0x2fc>
    80003098:	fa843783          	ld	a5,-88(s0)
    8000309c:	fa043583          	ld	a1,-96(s0)
    800030a0:	02000513          	addi	a0,zero,32
    800030a4:	000780e7          	jalr	ra,0(a5)
    800030a8:	fcc42783          	lw	a5,-52(s0)
    800030ac:	fff7879b          	addiw	a5,a5,-1
    800030b0:	fcf42623          	sw	a5,-52(s0)
    800030b4:	fcc42783          	lw	a5,-52(s0)
    800030b8:	0007879b          	addiw	a5,a5,0
    800030bc:	fcf04ee3          	blt	zero,a5,80003098 <vprintfmt+0x2e0>
    800030c0:	1040006f          	jal	zero,800031c4 <vprintfmt+0x40c>
    800030c4:	fd042703          	lw	a4,-48(s0)
    800030c8:	f9040793          	addi	a5,s0,-112
    800030cc:	00070593          	addi	a1,a4,0
    800030d0:	00078513          	addi	a0,a5,0
    800030d4:	c51ff0ef          	jal	ra,80002d24 <getint>
    800030d8:	00050793          	addi	a5,a0,0
    800030dc:	fcf43c23          	sd	a5,-40(s0)
    800030e0:	fd843783          	ld	a5,-40(s0)
    800030e4:	0207d063          	bge	a5,zero,80003104 <vprintfmt+0x34c>
    800030e8:	fa843783          	ld	a5,-88(s0)
    800030ec:	fa043583          	ld	a1,-96(s0)
    800030f0:	02d00513          	addi	a0,zero,45
    800030f4:	000780e7          	jalr	ra,0(a5)
    800030f8:	fd843783          	ld	a5,-40(s0)
    800030fc:	40f007b3          	sub	a5,zero,a5
    80003100:	fcf43c23          	sd	a5,-40(s0)
    80003104:	00a00793          	addi	a5,zero,10
    80003108:	fcf42a23          	sw	a5,-44(s0)
    8000310c:	0640006f          	jal	zero,80003170 <vprintfmt+0x3b8>
    80003110:	00a00793          	addi	a5,zero,10
    80003114:	fcf42a23          	sw	a5,-44(s0)
    80003118:	0400006f          	jal	zero,80003158 <vprintfmt+0x3a0>
    8000311c:	00800793          	addi	a5,zero,8
    80003120:	fcf42a23          	sw	a5,-44(s0)
    80003124:	0340006f          	jal	zero,80003158 <vprintfmt+0x3a0>
    80003128:	00100793          	addi	a5,zero,1
    8000312c:	fcf42823          	sw	a5,-48(s0)
    80003130:	fa843783          	ld	a5,-88(s0)
    80003134:	fa043583          	ld	a1,-96(s0)
    80003138:	03000513          	addi	a0,zero,48
    8000313c:	000780e7          	jalr	ra,0(a5)
    80003140:	fa843783          	ld	a5,-88(s0)
    80003144:	fa043583          	ld	a1,-96(s0)
    80003148:	07800513          	addi	a0,zero,120
    8000314c:	000780e7          	jalr	ra,0(a5)
    80003150:	01000793          	addi	a5,zero,16
    80003154:	fcf42a23          	sw	a5,-44(s0)
    80003158:	fd042703          	lw	a4,-48(s0)
    8000315c:	f9040793          	addi	a5,s0,-112
    80003160:	00070593          	addi	a1,a4,0
    80003164:	00078513          	addi	a0,a5,0
    80003168:	b25ff0ef          	jal	ra,80002c8c <getuint>
    8000316c:	fca43c23          	sd	a0,-40(s0)
    80003170:	fd442683          	lw	a3,-44(s0)
    80003174:	fc744783          	lbu	a5,-57(s0)
    80003178:	0007879b          	addiw	a5,a5,0
    8000317c:	fcc42703          	lw	a4,-52(s0)
    80003180:	fd843603          	ld	a2,-40(s0)
    80003184:	fa043583          	ld	a1,-96(s0)
    80003188:	fa843503          	ld	a0,-88(s0)
    8000318c:	9b5ff0ef          	jal	ra,80002b40 <printnum>
    80003190:	0340006f          	jal	zero,800031c4 <vprintfmt+0x40c>
    80003194:	fa843783          	ld	a5,-88(s0)
    80003198:	fa043583          	ld	a1,-96(s0)
    8000319c:	00048513          	addi	a0,s1,0
    800031a0:	000780e7          	jalr	ra,0(a5)
    800031a4:	0200006f          	jal	zero,800031c4 <vprintfmt+0x40c>
    800031a8:	fa843783          	ld	a5,-88(s0)
    800031ac:	fa043583          	ld	a1,-96(s0)
    800031b0:	02500513          	addi	a0,zero,37
    800031b4:	000780e7          	jalr	ra,0(a5)
    800031b8:	fb843783          	ld	a5,-72(s0)
    800031bc:	f8f43c23          	sd	a5,-104(s0)
    800031c0:	00000013          	addi	zero,zero,0
    800031c4:	c41ff06f          	jal	zero,80002e04 <vprintfmt+0x4c>
    800031c8:	00000013          	addi	zero,zero,0
    800031cc:	06813083          	ld	ra,104(sp)
    800031d0:	06013403          	ld	s0,96(sp)
    800031d4:	05813483          	ld	s1,88(sp)
    800031d8:	05013903          	ld	s2,80(sp)
    800031dc:	07010113          	addi	sp,sp,112
    800031e0:	00008067          	jalr	zero,0(ra)

00000000800031e4 <printf>:
    800031e4:	f9010113          	addi	sp,sp,-112
    800031e8:	02113423          	sd	ra,40(sp)
    800031ec:	02813023          	sd	s0,32(sp)
    800031f0:	03010413          	addi	s0,sp,48
    800031f4:	fca43c23          	sd	a0,-40(s0)
    800031f8:	00b43423          	sd	a1,8(s0)
    800031fc:	00c43823          	sd	a2,16(s0)
    80003200:	00d43c23          	sd	a3,24(s0)
    80003204:	02e43023          	sd	a4,32(s0)
    80003208:	02f43423          	sd	a5,40(s0)
    8000320c:	03043823          	sd	a6,48(s0)
    80003210:	03143c23          	sd	a7,56(s0)
    80003214:	04040793          	addi	a5,s0,64
    80003218:	fcf43823          	sd	a5,-48(s0)
    8000321c:	fd043783          	ld	a5,-48(s0)
    80003220:	fc878793          	addi	a5,a5,-56
    80003224:	fef43423          	sd	a5,-24(s0)
    80003228:	fe843783          	ld	a5,-24(s0)
    8000322c:	00078693          	addi	a3,a5,0
    80003230:	fd843603          	ld	a2,-40(s0)
    80003234:	00000593          	addi	a1,zero,0
    80003238:	fffff517          	auipc	a0,0xfffff
    8000323c:	7bc50513          	addi	a0,a0,1980 # 800029f4 <putchar>
    80003240:	b79ff0ef          	jal	ra,80002db8 <vprintfmt>
    80003244:	00000793          	addi	a5,zero,0
    80003248:	00078513          	addi	a0,a5,0
    8000324c:	02813083          	ld	ra,40(sp)
    80003250:	02013403          	ld	s0,32(sp)
    80003254:	07010113          	addi	sp,sp,112
    80003258:	00008067          	jalr	zero,0(ra)

000000008000325c <sprintf_putch>:
    8000325c:	fd010113          	addi	sp,sp,-48
    80003260:	02813423          	sd	s0,40(sp)
    80003264:	03010413          	addi	s0,sp,48
    80003268:	00050793          	addi	a5,a0,0
    8000326c:	fcb43823          	sd	a1,-48(s0)
    80003270:	fcf42e23          	sw	a5,-36(s0)
    80003274:	fd043783          	ld	a5,-48(s0)
    80003278:	fef43423          	sd	a5,-24(s0)
    8000327c:	fe843783          	ld	a5,-24(s0)
    80003280:	0007b783          	ld	a5,0(a5)
    80003284:	fdc42703          	lw	a4,-36(s0)
    80003288:	0ff77713          	andi	a4,a4,255
    8000328c:	00e78023          	sb	a4,0(a5)
    80003290:	fe843783          	ld	a5,-24(s0)
    80003294:	0007b783          	ld	a5,0(a5)
    80003298:	00178713          	addi	a4,a5,1
    8000329c:	fe843783          	ld	a5,-24(s0)
    800032a0:	00e7b023          	sd	a4,0(a5)
    800032a4:	00000013          	addi	zero,zero,0
    800032a8:	02813403          	ld	s0,40(sp)
    800032ac:	03010113          	addi	sp,sp,48
    800032b0:	00008067          	jalr	zero,0(ra)

00000000800032b4 <sprintf>:
    800032b4:	f9010113          	addi	sp,sp,-112
    800032b8:	02113c23          	sd	ra,56(sp)
    800032bc:	02813823          	sd	s0,48(sp)
    800032c0:	04010413          	addi	s0,sp,64
    800032c4:	fca43c23          	sd	a0,-40(s0)
    800032c8:	fcb43823          	sd	a1,-48(s0)
    800032cc:	00c43023          	sd	a2,0(s0)
    800032d0:	00d43423          	sd	a3,8(s0)
    800032d4:	00e43823          	sd	a4,16(s0)
    800032d8:	00f43c23          	sd	a5,24(s0)
    800032dc:	03043023          	sd	a6,32(s0)
    800032e0:	03143423          	sd	a7,40(s0)
    800032e4:	fd843783          	ld	a5,-40(s0)
    800032e8:	fef43423          	sd	a5,-24(s0)
    800032ec:	03040793          	addi	a5,s0,48
    800032f0:	fcf43423          	sd	a5,-56(s0)
    800032f4:	fc843783          	ld	a5,-56(s0)
    800032f8:	fd078793          	addi	a5,a5,-48
    800032fc:	fef43023          	sd	a5,-32(s0)
    80003300:	fe043703          	ld	a4,-32(s0)
    80003304:	fd840793          	addi	a5,s0,-40
    80003308:	00070693          	addi	a3,a4,0
    8000330c:	fd043603          	ld	a2,-48(s0)
    80003310:	00078593          	addi	a1,a5,0
    80003314:	00000517          	auipc	a0,0x0
    80003318:	f4850513          	addi	a0,a0,-184 # 8000325c <sprintf_putch>
    8000331c:	a9dff0ef          	jal	ra,80002db8 <vprintfmt>
    80003320:	fd843783          	ld	a5,-40(s0)
    80003324:	00078023          	sb	zero,0(a5)
    80003328:	fd843703          	ld	a4,-40(s0)
    8000332c:	fe843783          	ld	a5,-24(s0)
    80003330:	40f707b3          	sub	a5,a4,a5
    80003334:	0007879b          	addiw	a5,a5,0
    80003338:	00078513          	addi	a0,a5,0
    8000333c:	03813083          	ld	ra,56(sp)
    80003340:	03013403          	ld	s0,48(sp)
    80003344:	07010113          	addi	sp,sp,112
    80003348:	00008067          	jalr	zero,0(ra)

000000008000334c <memcpy>:
    8000334c:	fb010113          	addi	sp,sp,-80
    80003350:	04813423          	sd	s0,72(sp)
    80003354:	05010413          	addi	s0,sp,80
    80003358:	fca43423          	sd	a0,-56(s0)
    8000335c:	fcb43023          	sd	a1,-64(s0)
    80003360:	fac43c23          	sd	a2,-72(s0)
    80003364:	fc843703          	ld	a4,-56(s0)
    80003368:	fc043783          	ld	a5,-64(s0)
    8000336c:	00f76733          	or	a4,a4,a5
    80003370:	fb843783          	ld	a5,-72(s0)
    80003374:	00f767b3          	or	a5,a4,a5
    80003378:	0077f793          	andi	a5,a5,7
    8000337c:	04079863          	bne	a5,zero,800033cc <memcpy+0x80>
    80003380:	fc043783          	ld	a5,-64(s0)
    80003384:	fef43423          	sd	a5,-24(s0)
    80003388:	fc843783          	ld	a5,-56(s0)
    8000338c:	fef43023          	sd	a5,-32(s0)
    80003390:	0240006f          	jal	zero,800033b4 <memcpy+0x68>
    80003394:	fe843703          	ld	a4,-24(s0)
    80003398:	00870793          	addi	a5,a4,8
    8000339c:	fef43423          	sd	a5,-24(s0)
    800033a0:	fe043783          	ld	a5,-32(s0)
    800033a4:	00878693          	addi	a3,a5,8
    800033a8:	fed43023          	sd	a3,-32(s0)
    800033ac:	00073703          	ld	a4,0(a4)
    800033b0:	00e7b023          	sd	a4,0(a5)
    800033b4:	fc843703          	ld	a4,-56(s0)
    800033b8:	fb843783          	ld	a5,-72(s0)
    800033bc:	00f707b3          	add	a5,a4,a5
    800033c0:	fe043703          	ld	a4,-32(s0)
    800033c4:	fcf768e3          	bltu	a4,a5,80003394 <memcpy+0x48>
    800033c8:	04c0006f          	jal	zero,80003414 <memcpy+0xc8>
    800033cc:	fc043783          	ld	a5,-64(s0)
    800033d0:	fcf43c23          	sd	a5,-40(s0)
    800033d4:	fc843783          	ld	a5,-56(s0)
    800033d8:	fcf43823          	sd	a5,-48(s0)
    800033dc:	0240006f          	jal	zero,80003400 <memcpy+0xb4>
    800033e0:	fd843703          	ld	a4,-40(s0)
    800033e4:	00170793          	addi	a5,a4,1
    800033e8:	fcf43c23          	sd	a5,-40(s0)
    800033ec:	fd043783          	ld	a5,-48(s0)
    800033f0:	00178693          	addi	a3,a5,1
    800033f4:	fcd43823          	sd	a3,-48(s0)
    800033f8:	00074703          	lbu	a4,0(a4)
    800033fc:	00e78023          	sb	a4,0(a5)
    80003400:	fc843703          	ld	a4,-56(s0)
    80003404:	fb843783          	ld	a5,-72(s0)
    80003408:	00f707b3          	add	a5,a4,a5
    8000340c:	fd043703          	ld	a4,-48(s0)
    80003410:	fcf768e3          	bltu	a4,a5,800033e0 <memcpy+0x94>
    80003414:	fc843783          	ld	a5,-56(s0)
    80003418:	00078513          	addi	a0,a5,0
    8000341c:	04813403          	ld	s0,72(sp)
    80003420:	05010113          	addi	sp,sp,80
    80003424:	00008067          	jalr	zero,0(ra)

0000000080003428 <memset>:
    80003428:	fb010113          	addi	sp,sp,-80
    8000342c:	04813423          	sd	s0,72(sp)
    80003430:	05010413          	addi	s0,sp,80
    80003434:	fca43423          	sd	a0,-56(s0)
    80003438:	00058793          	addi	a5,a1,0
    8000343c:	fac43c23          	sd	a2,-72(s0)
    80003440:	fcf42223          	sw	a5,-60(s0)
    80003444:	fc843703          	ld	a4,-56(s0)
    80003448:	fb843783          	ld	a5,-72(s0)
    8000344c:	00f767b3          	or	a5,a4,a5
    80003450:	0077f793          	andi	a5,a5,7
    80003454:	08079263          	bne	a5,zero,800034d8 <memset+0xb0>
    80003458:	fc442783          	lw	a5,-60(s0)
    8000345c:	0ff7f793          	andi	a5,a5,255
    80003460:	fcf43c23          	sd	a5,-40(s0)
    80003464:	fd843783          	ld	a5,-40(s0)
    80003468:	00879793          	slli	a5,a5,0x8
    8000346c:	fd843703          	ld	a4,-40(s0)
    80003470:	00f767b3          	or	a5,a4,a5
    80003474:	fcf43c23          	sd	a5,-40(s0)
    80003478:	fd843783          	ld	a5,-40(s0)
    8000347c:	01079793          	slli	a5,a5,0x10
    80003480:	fd843703          	ld	a4,-40(s0)
    80003484:	00f767b3          	or	a5,a4,a5
    80003488:	fcf43c23          	sd	a5,-40(s0)
    8000348c:	fd843783          	ld	a5,-40(s0)
    80003490:	02079793          	slli	a5,a5,0x20
    80003494:	fd843703          	ld	a4,-40(s0)
    80003498:	00f767b3          	or	a5,a4,a5
    8000349c:	fcf43c23          	sd	a5,-40(s0)
    800034a0:	fc843783          	ld	a5,-56(s0)
    800034a4:	fef43423          	sd	a5,-24(s0)
    800034a8:	0180006f          	jal	zero,800034c0 <memset+0x98>
    800034ac:	fe843783          	ld	a5,-24(s0)
    800034b0:	00878713          	addi	a4,a5,8
    800034b4:	fee43423          	sd	a4,-24(s0)
    800034b8:	fd843703          	ld	a4,-40(s0)
    800034bc:	00e7b023          	sd	a4,0(a5)
    800034c0:	fc843703          	ld	a4,-56(s0)
    800034c4:	fb843783          	ld	a5,-72(s0)
    800034c8:	00f707b3          	add	a5,a4,a5
    800034cc:	fe843703          	ld	a4,-24(s0)
    800034d0:	fcf76ee3          	bltu	a4,a5,800034ac <memset+0x84>
    800034d4:	03c0006f          	jal	zero,80003510 <memset+0xe8>
    800034d8:	fc843783          	ld	a5,-56(s0)
    800034dc:	fef43023          	sd	a5,-32(s0)
    800034e0:	01c0006f          	jal	zero,800034fc <memset+0xd4>
    800034e4:	fe043783          	ld	a5,-32(s0)
    800034e8:	00178713          	addi	a4,a5,1
    800034ec:	fee43023          	sd	a4,-32(s0)
    800034f0:	fc442703          	lw	a4,-60(s0)
    800034f4:	0ff77713          	andi	a4,a4,255
    800034f8:	00e78023          	sb	a4,0(a5)
    800034fc:	fc843703          	ld	a4,-56(s0)
    80003500:	fb843783          	ld	a5,-72(s0)
    80003504:	00f707b3          	add	a5,a4,a5
    80003508:	fe043703          	ld	a4,-32(s0)
    8000350c:	fcf76ce3          	bltu	a4,a5,800034e4 <memset+0xbc>
    80003510:	fc843783          	ld	a5,-56(s0)
    80003514:	00078513          	addi	a0,a5,0
    80003518:	04813403          	ld	s0,72(sp)
    8000351c:	05010113          	addi	sp,sp,80
    80003520:	00008067          	jalr	zero,0(ra)

0000000080003524 <strlen>:
    80003524:	fd010113          	addi	sp,sp,-48
    80003528:	02813423          	sd	s0,40(sp)
    8000352c:	03010413          	addi	s0,sp,48
    80003530:	fca43c23          	sd	a0,-40(s0)
    80003534:	fd843783          	ld	a5,-40(s0)
    80003538:	fef43423          	sd	a5,-24(s0)
    8000353c:	0100006f          	jal	zero,8000354c <strlen+0x28>
    80003540:	fe843783          	ld	a5,-24(s0)
    80003544:	00178793          	addi	a5,a5,1
    80003548:	fef43423          	sd	a5,-24(s0)
    8000354c:	fe843783          	ld	a5,-24(s0)
    80003550:	0007c783          	lbu	a5,0(a5)
    80003554:	fe0796e3          	bne	a5,zero,80003540 <strlen+0x1c>
    80003558:	fe843703          	ld	a4,-24(s0)
    8000355c:	fd843783          	ld	a5,-40(s0)
    80003560:	40f707b3          	sub	a5,a4,a5
    80003564:	00078513          	addi	a0,a5,0
    80003568:	02813403          	ld	s0,40(sp)
    8000356c:	03010113          	addi	sp,sp,48
    80003570:	00008067          	jalr	zero,0(ra)

0000000080003574 <strnlen>:
    80003574:	fd010113          	addi	sp,sp,-48
    80003578:	02813423          	sd	s0,40(sp)
    8000357c:	03010413          	addi	s0,sp,48
    80003580:	fca43c23          	sd	a0,-40(s0)
    80003584:	fcb43823          	sd	a1,-48(s0)
    80003588:	fd843783          	ld	a5,-40(s0)
    8000358c:	fef43423          	sd	a5,-24(s0)
    80003590:	0100006f          	jal	zero,800035a0 <strnlen+0x2c>
    80003594:	fe843783          	ld	a5,-24(s0)
    80003598:	00178793          	addi	a5,a5,1
    8000359c:	fef43423          	sd	a5,-24(s0)
    800035a0:	fd043783          	ld	a5,-48(s0)
    800035a4:	fff78713          	addi	a4,a5,-1
    800035a8:	fce43823          	sd	a4,-48(s0)
    800035ac:	00078863          	beq	a5,zero,800035bc <strnlen+0x48>
    800035b0:	fe843783          	ld	a5,-24(s0)
    800035b4:	0007c783          	lbu	a5,0(a5)
    800035b8:	fc079ee3          	bne	a5,zero,80003594 <strnlen+0x20>
    800035bc:	fe843703          	ld	a4,-24(s0)
    800035c0:	fd843783          	ld	a5,-40(s0)
    800035c4:	40f707b3          	sub	a5,a4,a5
    800035c8:	00078513          	addi	a0,a5,0
    800035cc:	02813403          	ld	s0,40(sp)
    800035d0:	03010113          	addi	sp,sp,48
    800035d4:	00008067          	jalr	zero,0(ra)

00000000800035d8 <strcmp>:
    800035d8:	fd010113          	addi	sp,sp,-48
    800035dc:	02813423          	sd	s0,40(sp)
    800035e0:	03010413          	addi	s0,sp,48
    800035e4:	fca43c23          	sd	a0,-40(s0)
    800035e8:	fcb43823          	sd	a1,-48(s0)
    800035ec:	fd843783          	ld	a5,-40(s0)
    800035f0:	00178713          	addi	a4,a5,1
    800035f4:	fce43c23          	sd	a4,-40(s0)
    800035f8:	0007c783          	lbu	a5,0(a5)
    800035fc:	fef407a3          	sb	a5,-17(s0)
    80003600:	fd043783          	ld	a5,-48(s0)
    80003604:	00178713          	addi	a4,a5,1
    80003608:	fce43823          	sd	a4,-48(s0)
    8000360c:	0007c783          	lbu	a5,0(a5)
    80003610:	fef40723          	sb	a5,-18(s0)
    80003614:	fef44783          	lbu	a5,-17(s0)
    80003618:	0ff7f793          	andi	a5,a5,255
    8000361c:	00078e63          	beq	a5,zero,80003638 <strcmp+0x60>
    80003620:	fef44783          	lbu	a5,-17(s0)
    80003624:	00078713          	addi	a4,a5,0
    80003628:	fee44783          	lbu	a5,-18(s0)
    8000362c:	0ff77713          	andi	a4,a4,255
    80003630:	0ff7f793          	andi	a5,a5,255
    80003634:	faf70ce3          	beq	a4,a5,800035ec <strcmp+0x14>
    80003638:	fef44783          	lbu	a5,-17(s0)
    8000363c:	0007871b          	addiw	a4,a5,0
    80003640:	fee44783          	lbu	a5,-18(s0)
    80003644:	0007879b          	addiw	a5,a5,0
    80003648:	40f707bb          	subw	a5,a4,a5
    8000364c:	0007879b          	addiw	a5,a5,0
    80003650:	00078513          	addi	a0,a5,0
    80003654:	02813403          	ld	s0,40(sp)
    80003658:	03010113          	addi	sp,sp,48
    8000365c:	00008067          	jalr	zero,0(ra)

0000000080003660 <strcpy>:
    80003660:	fd010113          	addi	sp,sp,-48
    80003664:	02813423          	sd	s0,40(sp)
    80003668:	03010413          	addi	s0,sp,48
    8000366c:	fca43c23          	sd	a0,-40(s0)
    80003670:	fcb43823          	sd	a1,-48(s0)
    80003674:	fd843783          	ld	a5,-40(s0)
    80003678:	fef43423          	sd	a5,-24(s0)
    8000367c:	00000013          	addi	zero,zero,0
    80003680:	fd043703          	ld	a4,-48(s0)
    80003684:	00170793          	addi	a5,a4,1
    80003688:	fcf43823          	sd	a5,-48(s0)
    8000368c:	fe843783          	ld	a5,-24(s0)
    80003690:	00178693          	addi	a3,a5,1
    80003694:	fed43423          	sd	a3,-24(s0)
    80003698:	00074703          	lbu	a4,0(a4)
    8000369c:	00e78023          	sb	a4,0(a5)
    800036a0:	0007c783          	lbu	a5,0(a5)
    800036a4:	fc079ee3          	bne	a5,zero,80003680 <strcpy+0x20>
    800036a8:	fd843783          	ld	a5,-40(s0)
    800036ac:	00078513          	addi	a0,a5,0
    800036b0:	02813403          	ld	s0,40(sp)
    800036b4:	03010113          	addi	sp,sp,48
    800036b8:	00008067          	jalr	zero,0(ra)

00000000800036bc <atol>:
    800036bc:	fd010113          	addi	sp,sp,-48
    800036c0:	02813423          	sd	s0,40(sp)
    800036c4:	03010413          	addi	s0,sp,48
    800036c8:	fca43c23          	sd	a0,-40(s0)
    800036cc:	fe043423          	sd	zero,-24(s0)
    800036d0:	fe042223          	sw	zero,-28(s0)
    800036d4:	0100006f          	jal	zero,800036e4 <atol+0x28>
    800036d8:	fd843783          	ld	a5,-40(s0)
    800036dc:	00178793          	addi	a5,a5,1
    800036e0:	fcf43c23          	sd	a5,-40(s0)
    800036e4:	fd843783          	ld	a5,-40(s0)
    800036e8:	0007c783          	lbu	a5,0(a5)
    800036ec:	00078713          	addi	a4,a5,0
    800036f0:	02000793          	addi	a5,zero,32
    800036f4:	fef702e3          	beq	a4,a5,800036d8 <atol+0x1c>
    800036f8:	fd843783          	ld	a5,-40(s0)
    800036fc:	0007c783          	lbu	a5,0(a5)
    80003700:	00078713          	addi	a4,a5,0
    80003704:	02d00793          	addi	a5,zero,45
    80003708:	00f70c63          	beq	a4,a5,80003720 <atol+0x64>
    8000370c:	fd843783          	ld	a5,-40(s0)
    80003710:	0007c783          	lbu	a5,0(a5)
    80003714:	00078713          	addi	a4,a5,0
    80003718:	02b00793          	addi	a5,zero,43
    8000371c:	06f71c63          	bne	a4,a5,80003794 <atol+0xd8>
    80003720:	fd843783          	ld	a5,-40(s0)
    80003724:	0007c783          	lbu	a5,0(a5)
    80003728:	0007871b          	addiw	a4,a5,0
    8000372c:	02d00793          	addi	a5,zero,45
    80003730:	40f707b3          	sub	a5,a4,a5
    80003734:	0017b793          	sltiu	a5,a5,1
    80003738:	0ff7f793          	andi	a5,a5,255
    8000373c:	fef42223          	sw	a5,-28(s0)
    80003740:	fd843783          	ld	a5,-40(s0)
    80003744:	00178793          	addi	a5,a5,1
    80003748:	fcf43c23          	sd	a5,-40(s0)
    8000374c:	0480006f          	jal	zero,80003794 <atol+0xd8>
    80003750:	fe843703          	ld	a4,-24(s0)
    80003754:	00070793          	addi	a5,a4,0
    80003758:	00279793          	slli	a5,a5,0x2
    8000375c:	00e787b3          	add	a5,a5,a4
    80003760:	00179793          	slli	a5,a5,0x1
    80003764:	fef43423          	sd	a5,-24(s0)
    80003768:	fd843783          	ld	a5,-40(s0)
    8000376c:	00178713          	addi	a4,a5,1
    80003770:	fce43c23          	sd	a4,-40(s0)
    80003774:	0007c783          	lbu	a5,0(a5)
    80003778:	0007879b          	addiw	a5,a5,0
    8000377c:	fd07879b          	addiw	a5,a5,-48
    80003780:	0007879b          	addiw	a5,a5,0
    80003784:	00078713          	addi	a4,a5,0
    80003788:	fe843783          	ld	a5,-24(s0)
    8000378c:	00e787b3          	add	a5,a5,a4
    80003790:	fef43423          	sd	a5,-24(s0)
    80003794:	fd843783          	ld	a5,-40(s0)
    80003798:	0007c783          	lbu	a5,0(a5)
    8000379c:	fa079ae3          	bne	a5,zero,80003750 <atol+0x94>
    800037a0:	fe442783          	lw	a5,-28(s0)
    800037a4:	0007879b          	addiw	a5,a5,0
    800037a8:	00078863          	beq	a5,zero,800037b8 <atol+0xfc>
    800037ac:	fe843783          	ld	a5,-24(s0)
    800037b0:	40f007b3          	sub	a5,zero,a5
    800037b4:	0080006f          	jal	zero,800037bc <atol+0x100>
    800037b8:	fe843783          	ld	a5,-24(s0)
    800037bc:	00078513          	addi	a0,a5,0
    800037c0:	02813403          	ld	s0,40(sp)
    800037c4:	03010113          	addi	sp,sp,48
    800037c8:	00008067          	jalr	zero,0(ra)

00000000800037cc <verify>:
    800037cc:	fb010113          	addi	sp,sp,-80
    800037d0:	04813423          	sd	s0,72(sp)
    800037d4:	05010413          	addi	s0,sp,80
    800037d8:	00050793          	addi	a5,a0,0
    800037dc:	fcb43023          	sd	a1,-64(s0)
    800037e0:	fac43c23          	sd	a2,-72(s0)
    800037e4:	fcf42623          	sw	a5,-52(s0)
    800037e8:	fe042623          	sw	zero,-20(s0)
    800037ec:	0c80006f          	jal	zero,800038b4 <verify+0xe8>
    800037f0:	fec42783          	lw	a5,-20(s0)
    800037f4:	00279793          	slli	a5,a5,0x2
    800037f8:	fc043703          	ld	a4,-64(s0)
    800037fc:	00f707b3          	add	a5,a4,a5
    80003800:	0007a783          	lw	a5,0(a5)
    80003804:	fef42423          	sw	a5,-24(s0)
    80003808:	fec42783          	lw	a5,-20(s0)
    8000380c:	00178793          	addi	a5,a5,1
    80003810:	00279793          	slli	a5,a5,0x2
    80003814:	fc043703          	ld	a4,-64(s0)
    80003818:	00f707b3          	add	a5,a4,a5
    8000381c:	0007a783          	lw	a5,0(a5)
    80003820:	fef42223          	sw	a5,-28(s0)
    80003824:	fec42783          	lw	a5,-20(s0)
    80003828:	00279793          	slli	a5,a5,0x2
    8000382c:	fb843703          	ld	a4,-72(s0)
    80003830:	00f707b3          	add	a5,a4,a5
    80003834:	0007a783          	lw	a5,0(a5)
    80003838:	fef42023          	sw	a5,-32(s0)
    8000383c:	fec42783          	lw	a5,-20(s0)
    80003840:	00178793          	addi	a5,a5,1
    80003844:	00279793          	slli	a5,a5,0x2
    80003848:	fb843703          	ld	a4,-72(s0)
    8000384c:	00f707b3          	add	a5,a4,a5
    80003850:	0007a783          	lw	a5,0(a5)
    80003854:	fcf42e23          	sw	a5,-36(s0)
    80003858:	fe842783          	lw	a5,-24(s0)
    8000385c:	00078713          	addi	a4,a5,0
    80003860:	fe042783          	lw	a5,-32(s0)
    80003864:	0007071b          	addiw	a4,a4,0
    80003868:	0007879b          	addiw	a5,a5,0
    8000386c:	00f70a63          	beq	a4,a5,80003880 <verify+0xb4>
    80003870:	fec42783          	lw	a5,-20(s0)
    80003874:	0017879b          	addiw	a5,a5,1
    80003878:	0007879b          	addiw	a5,a5,0
    8000387c:	0b80006f          	jal	zero,80003934 <verify+0x168>
    80003880:	fe442783          	lw	a5,-28(s0)
    80003884:	00078713          	addi	a4,a5,0
    80003888:	fdc42783          	lw	a5,-36(s0)
    8000388c:	0007071b          	addiw	a4,a4,0
    80003890:	0007879b          	addiw	a5,a5,0
    80003894:	00f70a63          	beq	a4,a5,800038a8 <verify+0xdc>
    80003898:	fec42783          	lw	a5,-20(s0)
    8000389c:	0027879b          	addiw	a5,a5,2
    800038a0:	0007879b          	addiw	a5,a5,0
    800038a4:	0900006f          	jal	zero,80003934 <verify+0x168>
    800038a8:	fec42783          	lw	a5,-20(s0)
    800038ac:	0027879b          	addiw	a5,a5,2
    800038b0:	fef42623          	sw	a5,-20(s0)
    800038b4:	fcc42783          	lw	a5,-52(s0)
    800038b8:	01f7d71b          	srliw	a4,a5,0x1f
    800038bc:	00f707bb          	addw	a5,a4,a5
    800038c0:	4017d79b          	sraiw	a5,a5,0x1
    800038c4:	0007879b          	addiw	a5,a5,0
    800038c8:	0017979b          	slliw	a5,a5,0x1
    800038cc:	0007871b          	addiw	a4,a5,0
    800038d0:	fec42783          	lw	a5,-20(s0)
    800038d4:	0007879b          	addiw	a5,a5,0
    800038d8:	f0e7cce3          	blt	a5,a4,800037f0 <verify+0x24>
    800038dc:	fcc42783          	lw	a5,-52(s0)
    800038e0:	0017f793          	andi	a5,a5,1
    800038e4:	0007879b          	addiw	a5,a5,0
    800038e8:	04078463          	beq	a5,zero,80003930 <verify+0x164>
    800038ec:	fcc42783          	lw	a5,-52(s0)
    800038f0:	00279793          	slli	a5,a5,0x2
    800038f4:	ffc78793          	addi	a5,a5,-4
    800038f8:	fc043703          	ld	a4,-64(s0)
    800038fc:	00f707b3          	add	a5,a4,a5
    80003900:	0007a783          	lw	a5,0(a5)
    80003904:	0007869b          	addiw	a3,a5,0
    80003908:	fcc42783          	lw	a5,-52(s0)
    8000390c:	00279793          	slli	a5,a5,0x2
    80003910:	ffc78793          	addi	a5,a5,-4
    80003914:	fb843703          	ld	a4,-72(s0)
    80003918:	00f707b3          	add	a5,a4,a5
    8000391c:	0007a783          	lw	a5,0(a5)
    80003920:	00068713          	addi	a4,a3,0
    80003924:	00f70663          	beq	a4,a5,80003930 <verify+0x164>
    80003928:	fcc42783          	lw	a5,-52(s0)
    8000392c:	0080006f          	jal	zero,80003934 <verify+0x168>
    80003930:	00000793          	addi	a5,zero,0
    80003934:	00078513          	addi	a0,a5,0
    80003938:	04813403          	ld	s0,72(sp)
    8000393c:	05010113          	addi	sp,sp,80
    80003940:	00008067          	jalr	zero,0(ra)

0000000080003944 <verifyDouble>:
    80003944:	fa010113          	addi	sp,sp,-96
    80003948:	04813c23          	sd	s0,88(sp)
    8000394c:	06010413          	addi	s0,sp,96
    80003950:	00050793          	addi	a5,a0,0
    80003954:	fab43823          	sd	a1,-80(s0)
    80003958:	fac43423          	sd	a2,-88(s0)
    8000395c:	faf42e23          	sw	a5,-68(s0)
    80003960:	fe042623          	sw	zero,-20(s0)
    80003964:	0dc0006f          	jal	zero,80003a40 <verifyDouble+0xfc>
    80003968:	fec42783          	lw	a5,-20(s0)
    8000396c:	00379793          	slli	a5,a5,0x3
    80003970:	fb043703          	ld	a4,-80(s0)
    80003974:	00f707b3          	add	a5,a4,a5
    80003978:	0007b787          	fld	fa5,0(a5)
    8000397c:	fef43027          	fsd	fa5,-32(s0)
    80003980:	fec42783          	lw	a5,-20(s0)
    80003984:	00178793          	addi	a5,a5,1
    80003988:	00379793          	slli	a5,a5,0x3
    8000398c:	fb043703          	ld	a4,-80(s0)
    80003990:	00f707b3          	add	a5,a4,a5
    80003994:	0007b787          	fld	fa5,0(a5)
    80003998:	fcf43c27          	fsd	fa5,-40(s0)
    8000399c:	fec42783          	lw	a5,-20(s0)
    800039a0:	00379793          	slli	a5,a5,0x3
    800039a4:	fa843703          	ld	a4,-88(s0)
    800039a8:	00f707b3          	add	a5,a4,a5
    800039ac:	0007b787          	fld	fa5,0(a5)
    800039b0:	fcf43827          	fsd	fa5,-48(s0)
    800039b4:	fec42783          	lw	a5,-20(s0)
    800039b8:	00178793          	addi	a5,a5,1
    800039bc:	00379793          	slli	a5,a5,0x3
    800039c0:	fa843703          	ld	a4,-88(s0)
    800039c4:	00f707b3          	add	a5,a4,a5
    800039c8:	0007b787          	fld	fa5,0(a5)
    800039cc:	fcf43427          	fsd	fa5,-56(s0)
    800039d0:	fe043707          	fld	fa4,-32(s0)
    800039d4:	fd043787          	fld	fa5,-48(s0)
    800039d8:	a2f727d3          	feq.d	a5,fa4,fa5
    800039dc:	00f037b3          	sltu	a5,zero,a5
    800039e0:	0ff7f793          	andi	a5,a5,255
    800039e4:	fcf42223          	sw	a5,-60(s0)
    800039e8:	fd843707          	fld	fa4,-40(s0)
    800039ec:	fc843787          	fld	fa5,-56(s0)
    800039f0:	a2f727d3          	feq.d	a5,fa4,fa5
    800039f4:	00f037b3          	sltu	a5,zero,a5
    800039f8:	0ff7f793          	andi	a5,a5,255
    800039fc:	fcf42023          	sw	a5,-64(s0)
    80003a00:	fc442783          	lw	a5,-60(s0)
    80003a04:	00078713          	addi	a4,a5,0
    80003a08:	fc042783          	lw	a5,-64(s0)
    80003a0c:	00f777b3          	and	a5,a4,a5
    80003a10:	0007879b          	addiw	a5,a5,0
    80003a14:	02079063          	bne	a5,zero,80003a34 <verifyDouble+0xf0>
    80003a18:	fec42783          	lw	a5,-20(s0)
    80003a1c:	0017879b          	addiw	a5,a5,1
    80003a20:	0007879b          	addiw	a5,a5,0
    80003a24:	fc442703          	lw	a4,-60(s0)
    80003a28:	00f707bb          	addw	a5,a4,a5
    80003a2c:	0007879b          	addiw	a5,a5,0
    80003a30:	08c0006f          	jal	zero,80003abc <verifyDouble+0x178>
    80003a34:	fec42783          	lw	a5,-20(s0)
    80003a38:	0027879b          	addiw	a5,a5,2
    80003a3c:	fef42623          	sw	a5,-20(s0)
    80003a40:	fbc42783          	lw	a5,-68(s0)
    80003a44:	01f7d71b          	srliw	a4,a5,0x1f
    80003a48:	00f707bb          	addw	a5,a4,a5
    80003a4c:	4017d79b          	sraiw	a5,a5,0x1
    80003a50:	0007879b          	addiw	a5,a5,0
    80003a54:	0017979b          	slliw	a5,a5,0x1
    80003a58:	0007871b          	addiw	a4,a5,0
    80003a5c:	fec42783          	lw	a5,-20(s0)
    80003a60:	0007879b          	addiw	a5,a5,0
    80003a64:	f0e7c2e3          	blt	a5,a4,80003968 <verifyDouble+0x24>
    80003a68:	fbc42783          	lw	a5,-68(s0)
    80003a6c:	0017f793          	andi	a5,a5,1
    80003a70:	0007879b          	addiw	a5,a5,0
    80003a74:	04078263          	beq	a5,zero,80003ab8 <verifyDouble+0x174>
    80003a78:	fbc42783          	lw	a5,-68(s0)
    80003a7c:	00379793          	slli	a5,a5,0x3
    80003a80:	ff878793          	addi	a5,a5,-8
    80003a84:	fb043703          	ld	a4,-80(s0)
    80003a88:	00f707b3          	add	a5,a4,a5
    80003a8c:	0007b707          	fld	fa4,0(a5)
    80003a90:	fbc42783          	lw	a5,-68(s0)
    80003a94:	00379793          	slli	a5,a5,0x3
    80003a98:	ff878793          	addi	a5,a5,-8
    80003a9c:	fa843703          	ld	a4,-88(s0)
    80003aa0:	00f707b3          	add	a5,a4,a5
    80003aa4:	0007b787          	fld	fa5,0(a5)
    80003aa8:	a2f727d3          	feq.d	a5,fa4,fa5
    80003aac:	00079663          	bne	a5,zero,80003ab8 <verifyDouble+0x174>
    80003ab0:	fbc42783          	lw	a5,-68(s0)
    80003ab4:	0080006f          	jal	zero,80003abc <verifyDouble+0x178>
    80003ab8:	00000793          	addi	a5,zero,0
    80003abc:	00078513          	addi	a0,a5,0
    80003ac0:	05813403          	ld	s0,88(sp)
    80003ac4:	06010113          	addi	sp,sp,96
    80003ac8:	00008067          	jalr	zero,0(ra)

0000000080003acc <barrier>:
    80003acc:	fe010113          	addi	sp,sp,-32
    80003ad0:	00813c23          	sd	s0,24(sp)
    80003ad4:	02010413          	addi	s0,sp,32
    80003ad8:	00050793          	addi	a5,a0,0
    80003adc:	fef42623          	sw	a5,-20(s0)
    80003ae0:	0ff0000f          	fence	iorw,iorw
    80003ae4:	08422783          	lw	a5,132(tp) # 84 <threadsense.2>
    80003ae8:	0017b793          	sltiu	a5,a5,1
    80003aec:	0ff7f793          	andi	a5,a5,255
    80003af0:	0007871b          	addiw	a4,a5,0
    80003af4:	08e22223          	sw	a4,132(tp) # 84 <threadsense.2>
    80003af8:	00005797          	auipc	a5,0x5
    80003afc:	89078793          	addi	a5,a5,-1904 # 80008388 <count.1>
    80003b00:	00100713          	addi	a4,zero,1
    80003b04:	0f50000f          	fence	iorw,ow
    80003b08:	04e7a6af          	amoadd.w.aq	a3,a4,(a5)
    80003b0c:	0006879b          	addiw	a5,a3,0
    80003b10:	0007871b          	addiw	a4,a5,0
    80003b14:	fec42783          	lw	a5,-20(s0)
    80003b18:	fff7879b          	addiw	a5,a5,-1
    80003b1c:	0007879b          	addiw	a5,a5,0
    80003b20:	02f71263          	bne	a4,a5,80003b44 <barrier+0x78>
    80003b24:	00005797          	auipc	a5,0x5
    80003b28:	86478793          	addi	a5,a5,-1948 # 80008388 <count.1>
    80003b2c:	0007a023          	sw	zero,0(a5)
    80003b30:	08422703          	lw	a4,132(tp) # 84 <threadsense.2>
    80003b34:	00005797          	auipc	a5,0x5
    80003b38:	85878793          	addi	a5,a5,-1960 # 8000838c <sense.0>
    80003b3c:	00e7a023          	sw	a4,0(a5)
    80003b40:	0200006f          	jal	zero,80003b60 <barrier+0x94>
    80003b44:	00000013          	addi	zero,zero,0
    80003b48:	00005797          	auipc	a5,0x5
    80003b4c:	84478793          	addi	a5,a5,-1980 # 8000838c <sense.0>
    80003b50:	0007a783          	lw	a5,0(a5)
    80003b54:	0007871b          	addiw	a4,a5,0
    80003b58:	08422783          	lw	a5,132(tp) # 84 <threadsense.2>
    80003b5c:	fef716e3          	bne	a4,a5,80003b48 <barrier+0x7c>
    80003b60:	0ff0000f          	fence	iorw,iorw
    80003b64:	00000013          	addi	zero,zero,0
    80003b68:	01813403          	ld	s0,24(sp)
    80003b6c:	02010113          	addi	sp,sp,32
    80003b70:	00008067          	jalr	zero,0(ra)

0000000080003b74 <lfsr>:
    80003b74:	fd010113          	addi	sp,sp,-48
    80003b78:	02813423          	sd	s0,40(sp)
    80003b7c:	03010413          	addi	s0,sp,48
    80003b80:	fca43c23          	sd	a0,-40(s0)
    80003b84:	fd843783          	ld	a5,-40(s0)
    80003b88:	0017d713          	srli	a4,a5,0x1
    80003b8c:	fd843783          	ld	a5,-40(s0)
    80003b90:	00f747b3          	xor	a5,a4,a5
    80003b94:	0017f793          	andi	a5,a5,1
    80003b98:	fef43423          	sd	a5,-24(s0)
    80003b9c:	fd843783          	ld	a5,-40(s0)
    80003ba0:	0017d713          	srli	a4,a5,0x1
    80003ba4:	fe843783          	ld	a5,-24(s0)
    80003ba8:	03e79793          	slli	a5,a5,0x3e
    80003bac:	00f767b3          	or	a5,a4,a5
    80003bb0:	00078513          	addi	a0,a5,0
    80003bb4:	02813403          	ld	s0,40(sp)
    80003bb8:	03010113          	addi	sp,sp,48
    80003bbc:	00008067          	jalr	zero,0(ra)

0000000080003bc0 <insn_len>:
    80003bc0:	fe010113          	addi	sp,sp,-32
    80003bc4:	00813c23          	sd	s0,24(sp)
    80003bc8:	02010413          	addi	s0,sp,32
    80003bcc:	fea43423          	sd	a0,-24(s0)
    80003bd0:	fe843783          	ld	a5,-24(s0)
    80003bd4:	0007d783          	lhu	a5,0(a5)
    80003bd8:	0007879b          	addiw	a5,a5,0
    80003bdc:	0037f793          	andi	a5,a5,3
    80003be0:	0007879b          	addiw	a5,a5,0
    80003be4:	00078663          	beq	a5,zero,80003bf0 <insn_len+0x30>
    80003be8:	00400793          	addi	a5,zero,4
    80003bec:	0080006f          	jal	zero,80003bf4 <insn_len+0x34>
    80003bf0:	00200793          	addi	a5,zero,2
    80003bf4:	00078513          	addi	a0,a5,0
    80003bf8:	01813403          	ld	s0,24(sp)
    80003bfc:	02010113          	addi	sp,sp,32
    80003c00:	00008067          	jalr	zero,0(ra)

0000000080003c04 <read_cycles>:
    80003c04:	fe010113          	addi	sp,sp,-32
    80003c08:	00813c23          	sd	s0,24(sp)
    80003c0c:	02010413          	addi	s0,sp,32
    80003c10:	c00027f3          	csrrs	a5,cycle,zero
    80003c14:	fef43423          	sd	a5,-24(s0)
    80003c18:	fe843783          	ld	a5,-24(s0)
    80003c1c:	00078513          	addi	a0,a5,0
    80003c20:	01813403          	ld	s0,24(sp)
    80003c24:	02010113          	addi	sp,sp,32
    80003c28:	00008067          	jalr	zero,0(ra)

0000000080003c2c <insertion_sort>:
    80003c2c:	fc010113          	addi	sp,sp,-64
    80003c30:	02813c23          	sd	s0,56(sp)
    80003c34:	04010413          	addi	s0,sp,64
    80003c38:	fca43423          	sd	a0,-56(s0)
    80003c3c:	fcb43023          	sd	a1,-64(s0)
    80003c40:	fc043783          	ld	a5,-64(s0)
    80003c44:	00478793          	addi	a5,a5,4
    80003c48:	fef43423          	sd	a5,-24(s0)
    80003c4c:	07c0006f          	jal	zero,80003cc8 <insertion_sort+0x9c>
    80003c50:	fe843783          	ld	a5,-24(s0)
    80003c54:	0007a783          	lw	a5,0(a5)
    80003c58:	fcf42e23          	sw	a5,-36(s0)
    80003c5c:	fe843783          	ld	a5,-24(s0)
    80003c60:	fef43023          	sd	a5,-32(s0)
    80003c64:	02c0006f          	jal	zero,80003c90 <insertion_sort+0x64>
    80003c68:	fe043783          	ld	a5,-32(s0)
    80003c6c:	ffc7a703          	lw	a4,-4(a5)
    80003c70:	fe043783          	ld	a5,-32(s0)
    80003c74:	00e7a023          	sw	a4,0(a5)
    80003c78:	fe043783          	ld	a5,-32(s0)
    80003c7c:	ffc78793          	addi	a5,a5,-4
    80003c80:	fef43023          	sd	a5,-32(s0)
    80003c84:	fe043703          	ld	a4,-32(s0)
    80003c88:	fc043783          	ld	a5,-64(s0)
    80003c8c:	02f70063          	beq	a4,a5,80003cac <insertion_sort+0x80>
    80003c90:	fe043783          	ld	a5,-32(s0)
    80003c94:	ffc78793          	addi	a5,a5,-4
    80003c98:	0007a703          	lw	a4,0(a5)
    80003c9c:	fdc42783          	lw	a5,-36(s0)
    80003ca0:	0007879b          	addiw	a5,a5,0
    80003ca4:	fce7c2e3          	blt	a5,a4,80003c68 <insertion_sort+0x3c>
    80003ca8:	0080006f          	jal	zero,80003cb0 <insertion_sort+0x84>
    80003cac:	00000013          	addi	zero,zero,0
    80003cb0:	fe043783          	ld	a5,-32(s0)
    80003cb4:	fdc42703          	lw	a4,-36(s0)
    80003cb8:	00e7a023          	sw	a4,0(a5)
    80003cbc:	fe843783          	ld	a5,-24(s0)
    80003cc0:	00478793          	addi	a5,a5,4
    80003cc4:	fef43423          	sd	a5,-24(s0)
    80003cc8:	fc843783          	ld	a5,-56(s0)
    80003ccc:	00279793          	slli	a5,a5,0x2
    80003cd0:	fc043703          	ld	a4,-64(s0)
    80003cd4:	00f707b3          	add	a5,a4,a5
    80003cd8:	fe843703          	ld	a4,-24(s0)
    80003cdc:	f6f76ae3          	bltu	a4,a5,80003c50 <insertion_sort+0x24>
    80003ce0:	00000013          	addi	zero,zero,0
    80003ce4:	00000013          	addi	zero,zero,0
    80003ce8:	03813403          	ld	s0,56(sp)
    80003cec:	04010113          	addi	sp,sp,64
    80003cf0:	00008067          	jalr	zero,0(ra)

0000000080003cf4 <selection_sort>:
    80003cf4:	fc010113          	addi	sp,sp,-64
    80003cf8:	02813c23          	sd	s0,56(sp)
    80003cfc:	04010413          	addi	s0,sp,64
    80003d00:	fca43423          	sd	a0,-56(s0)
    80003d04:	fcb43023          	sd	a1,-64(s0)
    80003d08:	fc043783          	ld	a5,-64(s0)
    80003d0c:	fef43423          	sd	a5,-24(s0)
    80003d10:	0800006f          	jal	zero,80003d90 <selection_sort+0x9c>
    80003d14:	fe843783          	ld	a5,-24(s0)
    80003d18:	00478793          	addi	a5,a5,4
    80003d1c:	fef43023          	sd	a5,-32(s0)
    80003d20:	04c0006f          	jal	zero,80003d6c <selection_sort+0x78>
    80003d24:	fe843783          	ld	a5,-24(s0)
    80003d28:	0007a703          	lw	a4,0(a5)
    80003d2c:	fe043783          	ld	a5,-32(s0)
    80003d30:	0007a783          	lw	a5,0(a5)
    80003d34:	02e7d663          	bge	a5,a4,80003d60 <selection_sort+0x6c>
    80003d38:	fe843783          	ld	a5,-24(s0)
    80003d3c:	0007a783          	lw	a5,0(a5)
    80003d40:	fcf42e23          	sw	a5,-36(s0)
    80003d44:	fe043783          	ld	a5,-32(s0)
    80003d48:	0007a703          	lw	a4,0(a5)
    80003d4c:	fe843783          	ld	a5,-24(s0)
    80003d50:	00e7a023          	sw	a4,0(a5)
    80003d54:	fe043783          	ld	a5,-32(s0)
    80003d58:	fdc42703          	lw	a4,-36(s0)
    80003d5c:	00e7a023          	sw	a4,0(a5)
    80003d60:	fe043783          	ld	a5,-32(s0)
    80003d64:	00478793          	addi	a5,a5,4
    80003d68:	fef43023          	sd	a5,-32(s0)
    80003d6c:	fc843783          	ld	a5,-56(s0)
    80003d70:	00279793          	slli	a5,a5,0x2
    80003d74:	fc043703          	ld	a4,-64(s0)
    80003d78:	00f707b3          	add	a5,a4,a5
    80003d7c:	fe043703          	ld	a4,-32(s0)
    80003d80:	faf762e3          	bltu	a4,a5,80003d24 <selection_sort+0x30>
    80003d84:	fe843783          	ld	a5,-24(s0)
    80003d88:	00478793          	addi	a5,a5,4
    80003d8c:	fef43423          	sd	a5,-24(s0)
    80003d90:	fc843783          	ld	a5,-56(s0)
    80003d94:	00279793          	slli	a5,a5,0x2
    80003d98:	ffc78793          	addi	a5,a5,-4
    80003d9c:	fc043703          	ld	a4,-64(s0)
    80003da0:	00f707b3          	add	a5,a4,a5
    80003da4:	fe843703          	ld	a4,-24(s0)
    80003da8:	f6f766e3          	bltu	a4,a5,80003d14 <selection_sort+0x20>
    80003dac:	00000013          	addi	zero,zero,0
    80003db0:	00000013          	addi	zero,zero,0
    80003db4:	03813403          	ld	s0,56(sp)
    80003db8:	04010113          	addi	sp,sp,64
    80003dbc:	00008067          	jalr	zero,0(ra)

0000000080003dc0 <sort>:
    80003dc0:	e1010113          	addi	sp,sp,-496
    80003dc4:	1e113423          	sd	ra,488(sp)
    80003dc8:	1e813023          	sd	s0,480(sp)
    80003dcc:	1f010413          	addi	s0,sp,496
    80003dd0:	e0a43c23          	sd	a0,-488(s0)
    80003dd4:	e0b43823          	sd	a1,-496(s0)
    80003dd8:	e1843783          	ld	a5,-488(s0)
    80003ddc:	00279793          	slli	a5,a5,0x2
    80003de0:	e1043703          	ld	a4,-496(s0)
    80003de4:	00f707b3          	add	a5,a4,a5
    80003de8:	fef43423          	sd	a5,-24(s0)
    80003dec:	e1043783          	ld	a5,-496(s0)
    80003df0:	00478793          	addi	a5,a5,4
    80003df4:	fef43023          	sd	a5,-32(s0)
    80003df8:	e2040793          	addi	a5,s0,-480
    80003dfc:	fcf43c23          	sd	a5,-40(s0)
    80003e00:	fe843703          	ld	a4,-24(s0)
    80003e04:	fe043783          	ld	a5,-32(s0)
    80003e08:	40f70733          	sub	a4,a4,a5
    80003e0c:	02400793          	addi	a5,zero,36
    80003e10:	06e7c463          	blt	a5,a4,80003e78 <sort+0xb8>
    80003e14:	fe843703          	ld	a4,-24(s0)
    80003e18:	fe043783          	ld	a5,-32(s0)
    80003e1c:	40f707b3          	sub	a5,a4,a5
    80003e20:	4027d793          	srai	a5,a5,0x2
    80003e24:	00178793          	addi	a5,a5,1
    80003e28:	00078713          	addi	a4,a5,0
    80003e2c:	fe043783          	ld	a5,-32(s0)
    80003e30:	ffc78793          	addi	a5,a5,-4
    80003e34:	00078593          	addi	a1,a5,0
    80003e38:	00070513          	addi	a0,a4,0
    80003e3c:	df1ff0ef          	jal	ra,80003c2c <insertion_sort>
    80003e40:	e2040793          	addi	a5,s0,-480
    80003e44:	fd843703          	ld	a4,-40(s0)
    80003e48:	30f70063          	beq	a4,a5,80004148 <sort+0x388>
    80003e4c:	fd843783          	ld	a5,-40(s0)
    80003e50:	ff878713          	addi	a4,a5,-8
    80003e54:	fce43c23          	sd	a4,-40(s0)
    80003e58:	0007b783          	ld	a5,0(a5)
    80003e5c:	fef43423          	sd	a5,-24(s0)
    80003e60:	fd843783          	ld	a5,-40(s0)
    80003e64:	ff878713          	addi	a4,a5,-8
    80003e68:	fce43c23          	sd	a4,-40(s0)
    80003e6c:	0007b783          	ld	a5,0(a5)
    80003e70:	fef43023          	sd	a5,-32(s0)
    80003e74:	f8dff06f          	jal	zero,80003e00 <sort+0x40>
    80003e78:	fe043703          	ld	a4,-32(s0)
    80003e7c:	e1043783          	ld	a5,-496(s0)
    80003e80:	40f707b3          	sub	a5,a4,a5
    80003e84:	4027d793          	srai	a5,a5,0x2
    80003e88:	00078693          	addi	a3,a5,0
    80003e8c:	fe843703          	ld	a4,-24(s0)
    80003e90:	e1043783          	ld	a5,-496(s0)
    80003e94:	40f707b3          	sub	a5,a4,a5
    80003e98:	4027d793          	srai	a5,a5,0x2
    80003e9c:	00f687b3          	add	a5,a3,a5
    80003ea0:	03f7d713          	srli	a4,a5,0x3f
    80003ea4:	00f707b3          	add	a5,a4,a5
    80003ea8:	4017d793          	srai	a5,a5,0x1
    80003eac:	00279793          	slli	a5,a5,0x2
    80003eb0:	ffc78793          	addi	a5,a5,-4
    80003eb4:	e1043703          	ld	a4,-496(s0)
    80003eb8:	00f707b3          	add	a5,a4,a5
    80003ebc:	0007a783          	lw	a5,0(a5)
    80003ec0:	fcf42223          	sw	a5,-60(s0)
    80003ec4:	fe043703          	ld	a4,-32(s0)
    80003ec8:	e1043783          	ld	a5,-496(s0)
    80003ecc:	40f707b3          	sub	a5,a4,a5
    80003ed0:	4027d793          	srai	a5,a5,0x2
    80003ed4:	00078693          	addi	a3,a5,0
    80003ed8:	fe843703          	ld	a4,-24(s0)
    80003edc:	e1043783          	ld	a5,-496(s0)
    80003ee0:	40f707b3          	sub	a5,a4,a5
    80003ee4:	4027d793          	srai	a5,a5,0x2
    80003ee8:	00f687b3          	add	a5,a3,a5
    80003eec:	03f7d713          	srli	a4,a5,0x3f
    80003ef0:	00f707b3          	add	a5,a4,a5
    80003ef4:	4017d793          	srai	a5,a5,0x1
    80003ef8:	00279793          	slli	a5,a5,0x2
    80003efc:	ffc78793          	addi	a5,a5,-4
    80003f00:	e1043703          	ld	a4,-496(s0)
    80003f04:	00f707b3          	add	a5,a4,a5
    80003f08:	fe043703          	ld	a4,-32(s0)
    80003f0c:	00072703          	lw	a4,0(a4)
    80003f10:	00e7a023          	sw	a4,0(a5)
    80003f14:	fe043783          	ld	a5,-32(s0)
    80003f18:	fc442703          	lw	a4,-60(s0)
    80003f1c:	00e7a023          	sw	a4,0(a5)
    80003f20:	fe043783          	ld	a5,-32(s0)
    80003f24:	ffc78793          	addi	a5,a5,-4
    80003f28:	0007a703          	lw	a4,0(a5)
    80003f2c:	fe843783          	ld	a5,-24(s0)
    80003f30:	ffc78793          	addi	a5,a5,-4
    80003f34:	0007a783          	lw	a5,0(a5)
    80003f38:	02e7da63          	bge	a5,a4,80003f6c <sort+0x1ac>
    80003f3c:	fe043783          	ld	a5,-32(s0)
    80003f40:	ffc7a783          	lw	a5,-4(a5)
    80003f44:	fcf42023          	sw	a5,-64(s0)
    80003f48:	fe043783          	ld	a5,-32(s0)
    80003f4c:	ffc78793          	addi	a5,a5,-4
    80003f50:	fe843703          	ld	a4,-24(s0)
    80003f54:	ffc72703          	lw	a4,-4(a4)
    80003f58:	00e7a023          	sw	a4,0(a5)
    80003f5c:	fe843783          	ld	a5,-24(s0)
    80003f60:	ffc78793          	addi	a5,a5,-4
    80003f64:	fc042703          	lw	a4,-64(s0)
    80003f68:	00e7a023          	sw	a4,0(a5)
    80003f6c:	fe043783          	ld	a5,-32(s0)
    80003f70:	0007a703          	lw	a4,0(a5)
    80003f74:	fe843783          	ld	a5,-24(s0)
    80003f78:	ffc78793          	addi	a5,a5,-4
    80003f7c:	0007a783          	lw	a5,0(a5)
    80003f80:	02e7d863          	bge	a5,a4,80003fb0 <sort+0x1f0>
    80003f84:	fe043783          	ld	a5,-32(s0)
    80003f88:	0007a783          	lw	a5,0(a5)
    80003f8c:	faf42e23          	sw	a5,-68(s0)
    80003f90:	fe843783          	ld	a5,-24(s0)
    80003f94:	ffc7a703          	lw	a4,-4(a5)
    80003f98:	fe043783          	ld	a5,-32(s0)
    80003f9c:	00e7a023          	sw	a4,0(a5)
    80003fa0:	fe843783          	ld	a5,-24(s0)
    80003fa4:	ffc78793          	addi	a5,a5,-4
    80003fa8:	fbc42703          	lw	a4,-68(s0)
    80003fac:	00e7a023          	sw	a4,0(a5)
    80003fb0:	fe043783          	ld	a5,-32(s0)
    80003fb4:	ffc78793          	addi	a5,a5,-4
    80003fb8:	0007a703          	lw	a4,0(a5)
    80003fbc:	fe043783          	ld	a5,-32(s0)
    80003fc0:	0007a783          	lw	a5,0(a5)
    80003fc4:	02e7d863          	bge	a5,a4,80003ff4 <sort+0x234>
    80003fc8:	fe043783          	ld	a5,-32(s0)
    80003fcc:	ffc7a783          	lw	a5,-4(a5)
    80003fd0:	faf42c23          	sw	a5,-72(s0)
    80003fd4:	fe043783          	ld	a5,-32(s0)
    80003fd8:	ffc78793          	addi	a5,a5,-4
    80003fdc:	fe043703          	ld	a4,-32(s0)
    80003fe0:	00072703          	lw	a4,0(a4)
    80003fe4:	00e7a023          	sw	a4,0(a5)
    80003fe8:	fe043783          	ld	a5,-32(s0)
    80003fec:	fb842703          	lw	a4,-72(s0)
    80003ff0:	00e7a023          	sw	a4,0(a5)
    80003ff4:	fe043783          	ld	a5,-32(s0)
    80003ff8:	00478793          	addi	a5,a5,4
    80003ffc:	fcf43823          	sd	a5,-48(s0)
    80004000:	fe843783          	ld	a5,-24(s0)
    80004004:	fcf43423          	sd	a5,-56(s0)
    80004008:	fe043783          	ld	a5,-32(s0)
    8000400c:	0007a783          	lw	a5,0(a5)
    80004010:	faf42a23          	sw	a5,-76(s0)
    80004014:	00000013          	addi	zero,zero,0
    80004018:	fd043783          	ld	a5,-48(s0)
    8000401c:	00478713          	addi	a4,a5,4
    80004020:	fce43823          	sd	a4,-48(s0)
    80004024:	0007a703          	lw	a4,0(a5)
    80004028:	fb442783          	lw	a5,-76(s0)
    8000402c:	0007879b          	addiw	a5,a5,0
    80004030:	fef744e3          	blt	a4,a5,80004018 <sort+0x258>
    80004034:	00000013          	addi	zero,zero,0
    80004038:	fc843783          	ld	a5,-56(s0)
    8000403c:	ffc78713          	addi	a4,a5,-4
    80004040:	fce43423          	sd	a4,-56(s0)
    80004044:	ff878793          	addi	a5,a5,-8
    80004048:	0007a703          	lw	a4,0(a5)
    8000404c:	fb442783          	lw	a5,-76(s0)
    80004050:	0007879b          	addiw	a5,a5,0
    80004054:	fee7c2e3          	blt	a5,a4,80004038 <sort+0x278>
    80004058:	fc843703          	ld	a4,-56(s0)
    8000405c:	fd043783          	ld	a5,-48(s0)
    80004060:	02f76c63          	bltu	a4,a5,80004098 <sort+0x2d8>
    80004064:	fd043783          	ld	a5,-48(s0)
    80004068:	ffc7a783          	lw	a5,-4(a5)
    8000406c:	faf42823          	sw	a5,-80(s0)
    80004070:	fd043783          	ld	a5,-48(s0)
    80004074:	ffc78793          	addi	a5,a5,-4
    80004078:	fc843703          	ld	a4,-56(s0)
    8000407c:	ffc72703          	lw	a4,-4(a4)
    80004080:	00e7a023          	sw	a4,0(a5)
    80004084:	fc843783          	ld	a5,-56(s0)
    80004088:	ffc78793          	addi	a5,a5,-4
    8000408c:	fb042703          	lw	a4,-80(s0)
    80004090:	00e7a023          	sw	a4,0(a5)
    80004094:	f81ff06f          	jal	zero,80004014 <sort+0x254>
    80004098:	00000013          	addi	zero,zero,0
    8000409c:	fc843783          	ld	a5,-56(s0)
    800040a0:	ffc7a703          	lw	a4,-4(a5)
    800040a4:	fe043783          	ld	a5,-32(s0)
    800040a8:	00e7a023          	sw	a4,0(a5)
    800040ac:	fc843783          	ld	a5,-56(s0)
    800040b0:	ffc78793          	addi	a5,a5,-4
    800040b4:	fb442703          	lw	a4,-76(s0)
    800040b8:	00e7a023          	sw	a4,0(a5)
    800040bc:	fd843783          	ld	a5,-40(s0)
    800040c0:	01078793          	addi	a5,a5,16
    800040c4:	fcf43c23          	sd	a5,-40(s0)
    800040c8:	fe843703          	ld	a4,-24(s0)
    800040cc:	fd043783          	ld	a5,-48(s0)
    800040d0:	40f707b3          	sub	a5,a4,a5
    800040d4:	4027d793          	srai	a5,a5,0x2
    800040d8:	00178793          	addi	a5,a5,1
    800040dc:	fc843683          	ld	a3,-56(s0)
    800040e0:	fe043703          	ld	a4,-32(s0)
    800040e4:	40e68733          	sub	a4,a3,a4
    800040e8:	40275713          	srai	a4,a4,0x2
    800040ec:	02e7c863          	blt	a5,a4,8000411c <sort+0x35c>
    800040f0:	fd843783          	ld	a5,-40(s0)
    800040f4:	fe843703          	ld	a4,-24(s0)
    800040f8:	00e7b023          	sd	a4,0(a5)
    800040fc:	fd843783          	ld	a5,-40(s0)
    80004100:	ff878793          	addi	a5,a5,-8
    80004104:	fd043703          	ld	a4,-48(s0)
    80004108:	00e7b023          	sd	a4,0(a5)
    8000410c:	fc843783          	ld	a5,-56(s0)
    80004110:	ffc78793          	addi	a5,a5,-4
    80004114:	fef43423          	sd	a5,-24(s0)
    80004118:	ce9ff06f          	jal	zero,80003e00 <sort+0x40>
    8000411c:	fc843783          	ld	a5,-56(s0)
    80004120:	ffc78713          	addi	a4,a5,-4
    80004124:	fd843783          	ld	a5,-40(s0)
    80004128:	00e7b023          	sd	a4,0(a5)
    8000412c:	fd843783          	ld	a5,-40(s0)
    80004130:	ff878793          	addi	a5,a5,-8
    80004134:	fe043703          	ld	a4,-32(s0)
    80004138:	00e7b023          	sd	a4,0(a5)
    8000413c:	fd043783          	ld	a5,-48(s0)
    80004140:	fef43023          	sd	a5,-32(s0)
    80004144:	cbdff06f          	jal	zero,80003e00 <sort+0x40>
    80004148:	00000013          	addi	zero,zero,0
    8000414c:	00000013          	addi	zero,zero,0
    80004150:	1e813083          	ld	ra,488(sp)
    80004154:	1e013403          	ld	s0,480(sp)
    80004158:	1f010113          	addi	sp,sp,496
    8000415c:	00008067          	jalr	zero,0(ra)

0000000080004160 <main>:
    80004160:	fc010113          	addi	sp,sp,-64
    80004164:	02113c23          	sd	ra,56(sp)
    80004168:	02813823          	sd	s0,48(sp)
    8000416c:	04010413          	addi	s0,sp,64
    80004170:	00050793          	addi	a5,a0,0
    80004174:	fcb43023          	sd	a1,-64(s0)
    80004178:	fcf42623          	sw	a5,-52(s0)
    8000417c:	a89ff0ef          	jal	ra,80003c04 <read_cycles>
    80004180:	fea43423          	sd	a0,-24(s0)
    80004184:	00100513          	addi	a0,zero,1
    80004188:	b60fe0ef          	jal	ra,800024e8 <setStats>
    8000418c:	00000597          	auipc	a1,0x0
    80004190:	1d458593          	addi	a1,a1,468 # 80004360 <input_data>
    80004194:	28b01513          	bseti	a0,zero,0xb
    80004198:	c29ff0ef          	jal	ra,80003dc0 <sort>
    8000419c:	00000513          	addi	a0,zero,0
    800041a0:	b48fe0ef          	jal	ra,800024e8 <setStats>
    800041a4:	a61ff0ef          	jal	ra,80003c04 <read_cycles>
    800041a8:	fea43023          	sd	a0,-32(s0)
    800041ac:	fe043703          	ld	a4,-32(s0)
    800041b0:	fe843783          	ld	a5,-24(s0)
    800041b4:	40f707b3          	sub	a5,a4,a5
    800041b8:	fcf43c23          	sd	a5,-40(s0)
    800041bc:	00100073          	ebreak
